-2.6738255683205843,-1.5310408842341596,-0.37692507812602094,0.20239114383316587,0.3105308206906198,-1.2787815704841896,-0.035641682386202536,1.123042840611614,-1.0771925209309252,1.386187556775073,0.019606430597255708,-1.1108331523310884,-1.9636878026238784,-0.5730751925075124,-0.7925039151896809,0.025841425821050756,0.34957326634322694,-1.2713769155126233,0.3546281774859053,-0.49675952563970815,-0.19035704755892732,-0.41716576963674373,0.05835261756717005,-0.09483921121045864,1.5111821532609113,1.2476638307385155,-0.7857869870417634,0.12235383208435613,-0.5896478779091344,0.40692972010569073,-0.08087137538212061,0.4122584325091924,1.1139079652902053,-0.243911201989224,-0.9856503642273908,1.21545906672013,0.44942747230461516,1.3297563333150393,-1.159819279983413,0.6464217407191897,0.41578800753279366,0.09621153048408962,-0.8746323476500177,-0.9987697698327843,0.15039066629348607,-1.9765183809821847,0.1636851324086817,-0.5167846168019968,1.0513320603660699,0.5306995993686673,0.6592958961158415,-1.2703706058424784,0.21113256455311868,0.11839151736973119,0.4570345557003549,-0.17632569235300596,0.9100528688148584,0.9273843235930048,-0.48088846505744454,-0.4064632640203642,0.5287746098856844,-0.7007881144949721,-2.8169578936543007,0.3172242525044279,1.4780303693786616,1.6133566320568558,0.875272410942599,0.8495099984343808,-0.3696181573551416,0.5784665870171266,0.560660122030545,0.5515916683852218,1.0281728826761432,-1.6781941900890718,0.7517982022556337,-1.099784025739292,1.120076051426007,-0.5502259497340696,-0.8046088803171484,1.7506476737235779,-0.28772677367903654,-0.23893652437126814,-0.5851000044186454,1.6782574085153759,0.39373431531442893,1.7438595435507518,0.7391946398092598,-0.5981634726948439,-1.6844774616299494,-0.21353336548000013,0.06001530456474246,-0.9194565333116475,-1.050072044295195,0.11565765529597409,0.1142201744641767,-1.9185663423707537,-1.0564961730226798,-0.09041807754653837,0.829848523189764,0.9752309501452865
-0.47088019198878983,-0.18658932742028897,-0.5437055105249574,0.24748210923324385,-0.5799865564735563,0.5919190931967689,0.41791307541119205,0.9796581753347878,-0.44123710663570637,1.1883494083088522,-0.36940163142204163,-0.7876895200786477,0.044434709987191665,1.770203184709571,-0.5087432075865688,0.6375529760994738,-1.0394757387318463,-0.04332559327460745,-0.9918621903633981,0.7232357992186529,-0.9283125796790377,-0.1874046349876257,0.5064199301320155,0.00037000841419942076,-0.9890316111443402,-0.8368534777536565,0.10124261660634104,0.30988465415097904,0.17086973298992453,-0.8248430493728564,-0.10741734670841989,0.289139760393281,0.5381626564736669,0.48307461015453496,0.43438484549907436,0.017095339757038943,-1.172738083777187,-0.6557181832692995,-0.20689052566026175,0.7022062039541266,-2.0275545855546597,-1.648971424888942,0.6020129253329857,0.2100322199830978,-1.8464019492332242,-0.030288662861187636,-0.17458967395839636,-0.06549777105871712,-0.07008914517397517,0.2364903611141396,-0.6772479357467189,0.4025046415918543,-0.959420447400759,0.012868834058446979,0.23431182078727195,-0.21880021102991803,-1.0310663258036983,1.2877898806474861,0.37440073240349947,0.30264118877964474,0.32829853447332313,0.14148133849774325,-0.485508054632494,-0.33273912220626267,-0.5075187947183589,-1.1239328013197556,-0.9797685206289276,-0.4492243831267512,0.11184688856226249,0.18659109989654582,0.4061919946612629,0.047040530105720825,0.0027681741503659037,0.5698968527657237,0.6112131674053995,0.6919501161109406,-0.7998846024411983,-0.7945808948860872,-0.982813362990733,0.1459653156217598,-0.06566527674575316,0.7172250931958556,-1.1555188947035095,1.882805151479091,0.309668731296836,2.069005888855328,-0.8523753701220584,-1.559904192226049,0.21771218582396268,-1.9267761946729185,2.7574215353090774,1.7966502218609917,-1.3851513008254852,0.5709492313836634,-0.12612410850085756,-1.201041718871374,0.16440879147136592,-0.23135504824474926,0.09722510413585832,-1.5514707057923642
-0.25671759125914284,0.5954750867374003,-0.4634381301579439,-0.9479969449288519,0.7647164634263109,-0.20547406633605836,-1.5812493458809769,0.5521727349746042,-1.6187942072885237,0.2199960724610865,-0.7100524229925564,-0.48806926748249413,-0.847944149827785,-0.38990270577175684,0.8292515376716671,1.1261947900829075,0.24899647319963683,0.7262471260742258,3.2590770624002405,0.7015860877690068,0.8301711732127212,0.3745493391440541,-1.323742019202011,0.046399689285733944,0.6896120116499019,-0.5160680455574622,-0.7416353788784,-0.4565486913463245,-1.4290479019014362,-0.24001379782044666,1.0388768784783617,-0.9545445407005729,-0.08828977816975422,0.257342106898792,-1.4997187199319555,0.39152754419157376,-0.7778430087261075,-1.2542149664654991,-0.8257807582297345,-0.9236920434273237,-1.001364409237639,0.05672667288981525,0.03804872494154527,-0.276182293322352,0.8661613619403157,1.7811979670417994,1.4277069760762247,0.3236282206492044,2.1946009002286746,-0.2873170223986202,-0.36529805622195266,-0.007642221893822697,1.4028111223495294,1.0473475330224364,-1.4187132179825162,2.2969966952666017,-0.20057635232674095,-0.10963434197801984,0.46239899049041705,-2.507122312995583,0.08591832539651811,1.72275116419122,-0.8842225630156572,-0.33359278281918275,0.6127436436210316,-1.8048951470849817,-1.409223986252661,0.4101231671893949,-0.2717923512137179,0.3818611227211776,0.6674984757057818,1.7226473802813436,0.10134991742137642,0.5513475315699518,0.33571060590042023,1.1597534223017965,0.47038377449972685,-0.8364692827469771,0.04199659899181088,0.566935709591735,0.19239379694101866,-0.4802034260397264,-0.7299154279187063,-0.49367564498681044,-0.43744657109287194,-1.7434972530813053,0.6466398930746838,0.6391599077103852,1.845555030860929,1.9438126232804613,-1.349134212278542,1.7542353993206166,-0.4524334343230036,-1.6632814776795208,0.8299267336606361,0.3057578900113745,-0.21882325933003163,-0.9420684994973928,0.36145528056861276,-0.344505261394883
-2.044329757778133,-0.7474119112449464,0.5711169900057791,-1.2928799591188773,-0.025472116391679758,-0.5496827610284084,-1.2567927436113906,0.4358260878989172,-1.3246618859233532,0.7306611444355814,0.8400329640336339,-0.6009928274787529,0.1940382739737719,2.7292383829082483,-0.525867951229136,0.3637402775693118,0.5684765643108812,-0.7789373671395488,0.9576664920207121,-0.6824836419539394,1.4140644417044246,-0.7428422392834562,-1.7410768511906962,0.7293785294694998,-0.4768917426662144,1.6390298486884154,-0.37999881610853603,-0.8386387120628677,0.09958480886497333,-1.02879494731035,1.0885655391091686,-2.0469078580442845,-1.1122083201000068,0.8849020196204347,0.7586403027850745,-0.0408249348469988,0.37326230237356145,1.0255153143105975,0.5952179989881295,0.22262304870034455,1.1110410394998633,-0.7314176891991663,0.13097852116151523,1.0459560880258278,-0.049835000582203165,1.4776455013749838,0.5714613103579196,-1.5992986371711229,-0.5999513267907474,-0.09744536864186883,0.711555224750467,-0.24790140141095504,2.6549329180615953,0.1335333364991749,0.0973708947681677,-0.15925858171831986,0.11685368451898921,-0.5402587861787816,-0.6675028673590763,-1.1613525806894796,-0.9965720455115751,-0.48674986559871314,-0.6045633813217871,0.3277585754806047,-0.3478849515258571,-1.433978705180185,0.1634307198529244,0.12861316433873532,-0.047464356100226784,-0.3513180386605885,-0.16912498506066365,0.05975442144601661,0.9152885919018167,0.8215840147993628,0.8102726172659072,0.546236122304484,1.6322913380568547,-1.2171597361911568,0.3604748855179587,0.3993923312190117,0.18854976991058675,0.02318440149242206,-0.47273384557091375,-1.081027703005333,-0.8863419051955619,-0.7085259700757347,0.6968131361865014,-1.1456412764603945,0.6224498968934267,-0.03982418908428536,-0.6249555087499298,-0.5293818796332255,-0.9798524657343295,-0.19097320075369242,1.3855944944041407,-0.41437392794859673,1.6335921142998435,0.49084519271902366,1.3232127915506418,0.32424150349577896
0.13774061919500402,-0.2307612478709078,0.6734287310053794,-1.1170823168897168,0.22626301700695053,0.5858924359432988,2.3570272436226642,1.9625460338150358,0.7045294517413029,0.1966429613841462,0.13235869825293872,0.5486890010380868,-0.05779756546016991,1.280817367253099,-0.47465309607349654,0.8455329723107365,-0.09358789689826068,0.007173573601447829,0.4409833671123066,-1.6029467996851092,0.7027054150708574,0.8890028871578615,1.6224312932918301,0.36045452563114344,-0.9128915627637249,-1.2233404793464406,-0.5455164974977149,1.1023121947862724,0.9551493326817205,0.16463784635090487,0.1798121621986517,-0.3098025025587592,-0.6880016444801795,0.9540107271413039,0.7517419354162285,0.3096860837382869,0.5994426453418288,0.1998967365792829,0.16461587967418828,-1.3606055240014283,0.4389861910486307,-2.3521936621772706,0.23118737391109279,-0.759455559089745,1.7270774161458124,-0.6870884780353321,1.174781390275857,0.556678724894104,0.17820239971370647,-1.1200983169004244,0.2952674679598991,-0.33565913828797456,-0.21937894225513896,-0.7604875579353153,0.47590230597781313,0.4228169133573465,-0.7557614087947746,-2.485884691413841,1.1004058930651954,-0.46745871440608017,0.017445112120831417,-0.18295615209581498,0.2975302271074525,-1.6112750510346525,-0.39828522030223557,0.8143678639674942,-0.052953288632832905,1.782624971804329,0.07975647393320238,1.0159864415923812,0.688226924009445,0.776687424185754,-2.393066594400829,0.97260471767933,0.11239227802282632,1.3829649963780761,-0.713639812217465,0.897846471207429,-0.09276161117430001,-1.4847926565233125,0.7302477627265114,-0.7342907649262913,0.4463905196934964,0.9915901109038227,1.0022160272665084,0.7769959406967594,1.5173559594873063,2.062157775801177,-0.38443835377743346,0.3861720428378855,-0.6785812995457094,-2.365892274521285,-1.125972138470234,0.6464094672854247,0.8659291193955173,-2.1840599229107793,-0.7371245101082697,-0.7413613742214974,-1.8991054527027351,1.63924685827608
2.568681465640768,0.3820711764778496,0.6253117322928449,1.470574626105451,-0.23027374528102376,0.3209976760456463,0.3169882357815439,-0.948335363439132,-0.0005942331747698542,0.1964251011660452,-1.6461504577630153,0.40043475549755386,0.1765360504933544,-1.1700589966573332,1.189522083719816,-0.3006455621561734,-0.663834527240419,0.35296009807533546,0.6074378689296025,-1.1909879018371794,-0.17316694791038953,0.7986315217729338,0.255928084535062,-0.32770830115443045,1.1504994765100818,-0.5369705786930823,-0.6981931765705767,-0.3177962606204275,-0.8940285952428164,1.1751289690054356,1.1664290647690272,-0.5174540343234278,0.38870044397923087,-0.5130697475566468,-0.7786044710872059,-0.12398920655976792,-0.26324384408629325,0.6016112441705589,0.5284554318880776,-0.9220917161443093,0.32663204360907283,0.1347383857362196,-2.502220688004879,-2.1863291754999814,0.5972927656166547,-0.19824072233427067,0.3109926322500863,1.0907494519431962,1.329545684270445,0.4272584533198323,0.07866968166411469,0.6816543328919551,-0.958424256032894,-0.007369004424896512,-0.3832582082831732,0.2818824085842845,1.8907956567104276,1.2795435289240948,-0.32909890157496496,-0.534725482626193,0.8711772836197733,-1.690489195476845,0.07782583283149365,0.6286391659045133,0.3048136092807916,-0.28598961797907446,0.3453405499262383,-0.07834235399244319,0.17488872098898225,-0.1569384114588109,1.1932341982454788,0.7867237905123813,0.7509317644133902,-0.6269181996399085,0.16734898701743003,-0.4814040981993627,-1.6326084007278234,1.103692134131992,-2.136100394672341,0.1203110374973407,-1.521986493703494,0.03213583495380496,-0.5163028550202851,-0.6385897319737418,0.22659953165196098,0.30564548167344474,0.2170435693410745,2.0206373604853543,-0.4868980945912214,-0.8044422459850031,-1.4698128389347622,-0.4351275670014784,-0.5157047258751603,0.36611021624619555,1.2968938500546523,-0.6764714580266161,-0.852874082653395,-0.7473860875564078,-2.5006426042947503,1.2083646644518886
-0.6235946071949559,0.17646237972319537,-1.0820437902117614,-0.7804418829789083,0.8731318396295135,0.18929684664300503,-0.14123777834022141,-0.6080260416997346,1.4460834366853772,-1.8160561062813454,0.9561628503820635,-0.0075149847222898795,-0.5345745783921674,0.2260817097719877,0.4009658225893761,-0.47324069444242767,0.40380487154791667,-1.997140156559489,1.7569857633221164,-0.6235698563720297,0.09442144557637572,-0.390928834191841,0.4063577211156662,0.11682902922522002,1.2336656812082072,0.8442252841114385,-0.9657145329080088,1.5421100994053734,-0.19724937664250275,1.101623174935572,0.3164871929525555,-0.05525004750654329,0.34814323026136806,0.3431074876208428,-0.32247483935777005,-0.04561100335595017,0.947344785890656,-1.0589939819515026,-2.0478485252353975,1.8152357134878236,-0.5647786581031274,1.4413196229284024,-0.1982828903099355,0.21926091001805906,1.528387976431125,1.1627557115222495,-2.2919097948613416,0.6300130011339484,-0.7154357856591498,-0.8888387172597537,-1.1728275796180596,-0.9626354516577458,0.5001300481618972,1.5560598951608573,-0.5963047973073444,-0.20313481280798543,0.7488202946637978,-0.400227920986634,1.5103366017466107,0.925316540652756,1.1347633077211396,0.3057573155625336,-0.2236877056082365,-1.3997433413452312,0.3738867585692821,1.3249867652097758,0.31443381531944575,-0.35730245487297246,-0.3157524515303527,-0.08279619298402469,-2.7248215239263063,1.099069348376686,1.1070820828492114,1.2132165929524066,0.8765789101387612,0.5520488935731812,0.9555509338269796,-0.18351821462303322,-1.4316230100783658,-0.14070541815268472,-0.7756560656373404,1.3041137081885024,0.42181939092862786,0.6415987188503018,-0.986105844063215,-0.38883726307788796,0.3459346619882123,1.75909827033189,1.7134228855186369,0.7008630796916634,-1.667254190802492,1.3011289755946895,1.0525319323731832,-2.564935812352733,1.3218171564074677,0.1011744378341715,0.6511548606797447,0.3224926866234677,0.15736275354025447,-0.17596258169056694
2.8832409647130595,0.275841761320204,1.6382680788488602,-1.3788845571096287,1.561742887440478,0.7862727942131463,0.1969749368728004,-0.6340249023019895,0.4615752064143827,0.5783477409993317,1.3705180633008116,0.33749568205821273,-2.0183432881620886,-0.018520380177058666,1.5209401452790325,-0.7982436407354732,1.2321482715887055,0.6025418467334023,-1.8096468194754851,1.0242391232625485,-0.044169689953335096,-0.8466554884217974,-0.9610206521133542,0.3565299139530024,0.9659289746142278,-0.765113187159781,1.4492499703764827,0.5745113373615788,-0.6084077244625247,-0.043665728019872625,0.7555340530337642,-0.5957308938599396,1.7323980846594633,0.07425965694074949,0.8091366072103227,0.05763266938785435,-0.5492863820888514,0.7348738529285075,-1.7374668228911956,-1.024235993375216,1.4567579160255013,-0.002134789272377291,0.5398308029152341,-1.188374329041756,-0.5108518637063968,0.5057107652606075,-1.2035484620402082,0.7616436234251099,-0.9139221837791875,-0.673965457829435,-0.7103523173183431,-0.7421813156398507,1.0871382050071443,0.1705032940737222,1.4165594946427702,-1.3322157144655358,-0.25259722493563186,-0.6026846478329085,0.967130207941309,0.8816682077412955,0.44139674051856875,0.20587949531756572,-0.8914716788815474,1.4039836971915804,-0.8425477542222342,1.6233634568063935,0.926961449084051,-0.3130346756460374,1.2538163724706777,-1.515878045470597,-0.3187198227997552,-0.13084774193100435,0.8723356483219855,-0.21347911066763386,1.2253342025266423,0.87806118369358,0.9526114484915239,-0.8848842469432898,0.09294029088734376,0.8790364648447618,-0.5274620022627066,-2.056999942128877,-1.389873750532898,-0.0869194547383089,0.4249210229786591,-0.12452361497745996,-1.2861618866966775,-0.015378048534939608,-0.4170288274318622,-0.0593095618111662,1.0676083137037382,1.7399443841019697,-0.8743610761035192,1.3704440564317888,-1.4675992709809396,0.21107631679390684,-0.5452182950999457,-0.5245310152537207,0.42800944796164797,-0.26757110610995716
0.16695276390741598,1.0566388343414428,-0.3922131431081392,-0.8308146999593923,-0.7177811128569146,1.0511228854904193,0.983114497557723,-1.6796470064789497,-0.4549171266448415,1.0702420630799747,-0.7714442842887504,2.195093170294198,2.166310042043423,-0.4919756041177186,-0.8874936904706165,-0.5526351862507517,0.46637359599005906,-0.07383810977305458,-0.30092457466257366,0.09083364993946465,-1.6513649623112696,-0.25261795019944633,-0.6155395342316468,0.7160492533233086,-0.9564230173537552,0.788107369166793,-1.120769166969786,-0.1275233120140355,-1.3072329022083118,-1.1075778264524268,0.08941700101201538,1.1082051084041995,-0.22174516241690415,-1.8392872146688952,-1.0255748571024021,-0.5874634387439962,-0.4554341655778487,0.7243214897578054,-1.5689219104130405,-2.055300402837428,0.5943490357554727,-0.7895661606409413,-1.986084443661151,0.3349277022980153,-0.615591064052803,-0.3008510041732414,1.7656448887209581,0.5407259141506586,0.559180261785348,-0.04499321675173227,-1.1461763284006086,0.11957778993301688,0.3924335237870956,1.7089959455690567,-0.35497263330242795,-0.4343970064783702,0.33240237331169414,1.3636409067183697,-1.2430023622001627,1.018939348847056,-0.7563183717764426,-0.25090758443424177,1.33067526784107,-0.1414187032310378,0.7933538335177199,-1.5364224257579875,0.2506100756165869,0.7226890124982547,0.7656691197192047,-0.6639998666343976,-0.91141720795931,-0.640996989832656,-0.5109260680415495,1.1381288429484193,0.6796165010168288,-0.5765319923033034,0.011480766653865805,0.02017664376306898,-0.7090302880393968,1.5720989211447234,-1.3458634643895024,0.3123214436835822,-0.6912012918764728,0.6151135528514001,-0.18934815448835285,0.6162901644008439,0.8309147269206025,-1.4402686914214133,-0.7822534085854034,1.077266887663561,0.36823388444485267,-0.02021069636199899,1.5733815900832062,-0.2551402484200856,1.7274989624518502,-1.5490290116220116,0.4236849154649525,1.4192539986604675,-0.7054996064311804,1.2634041797269395
-0.054171033840227256,0.9426843609346125,-0.4278942837972677,-2.7316965432429345,0.9753960835556782,1.187339348709684,-0.8463982787108344,0.30200049052119005,-0.8461179671520863,0.5304633087943817,-1.202139287152406,-1.9559119289834255,-1.0178235546976857,1.4971092089618254,0.3655972553294192,0.14965249068116618,-0.8565292536363535,0.40287412827099817,1.083232266804483,-1.5302775084830778,-0.03621769111405395,1.3188389528820361,-1.6298411520300171,1.1827026506689455,-0.7622209298025658,0.015620114081373721,0.416278299199049,0.7122601810016651,-0.35952461368224214,0.8226924694693646,-0.8001936172130362,-1.2590462723240716,-0.6311331525671399,0.6580356465994561,1.336382886409997,-0.4661820363242933,0.26920526570644626,0.698463782299459,-1.2549587027927833,1.6789928657858502,0.3608585075756167,-1.1808619773917797,0.5863388254554052,-0.019676288175383267,2.174601087443531,0.7229144133930085,-1.0448621081391276,-0.4152024577347424,-0.14703186796044193,0.3308019247281253,-0.2066911772227731,0.5933621382167901,0.6514689593341875,0.38643444051772985,-0.2032568735090267,-0.24869476687389136,-0.2613679030410424,0.11500902512818664,0.7386591511853778,0.3869015462509142,-0.22735770550182025,-0.509921162472242,2.4595917206927607,0.06759863546679058,-0.006524594644765094,0.9493401816085507,-0.753301670724445,0.6927602404366158,0.24962608824486685,0.5463554661582409,1.4373861376612587,-0.03467559134525824,-0.0953740050749274,-0.3614379875454443,-1.9669195631960172,0.7516586900693525,-1.3962710607001902,0.4562652925139358,0.48653612326169654,0.3343103091172302,-0.7695088599976929,0.16001861703807724,1.130997576313449,0.2839060503564292,2.261306094060528,-0.31178433177468756,0.8775560140973921,-1.6657917335109667,0.5516437051658735,0.1181235664241665,0.7922438367738626,-1.4010688422182211,0.3191242040833639,0.44702601270359227,-1.2398865721224603,1.1862089348609273,1.9626289564649855,-1.1727372514500616,0.8705454590859644,0.5547437622221236
-1.6020200538888947,-0.2516862047970669,-0.3602341919116352,-0.36192737656114216,-0.3718320790762245,-0.2563402015428257,0.9997208160490607,0.12424721341780368,-0.4436133749486105,-0.6973345171770331,0.5252582896876204,-1.1416317225545816,-0.16017982642072093,-0.6705230504847643,0.6079566824681069,0.15649521654957285,1.773034790635862,1.637032654525678,-0.010920959786405079,-0.8450623723398102,0.9654186998535814,0.7723228531155015,-0.7846723426358104,1.0579156172830104,1.9907034691685668,0.8950370900988056,0.7644984567323204,0.6476207716134464,0.5299353296422948,-0.8147001285426609,0.06983519146459641,-0.37946469856785003,-0.08967438221077073,0.6250799945591263,0.9395911876915632,-0.08762599633940488,1.8856123939067189,0.11630877054084017,0.5468347225182597,-0.559882087939684,-1.0466559500773158,-0.6445671811593026,-0.3143761390615399,-0.09926050791180835,0.06197443607309556,-0.4847901401063365,0.35623431121486615,-0.8290956155239941,0.173067893985685,-1.699758165883848,-1.3025671578814857,-0.4931493976584399,0.5593042630853472,1.7669796883133186,-0.5848021985789561,-0.21241179726769824,-0.07548208629454806,1.1885826861579452,-1.1521024742931276,1.3889628830119236,0.971597722455074,-0.42835360942607853,0.2642592158334895,-1.0786609238386127,1.9881383766955363,0.5529877510171005,-0.6202600348701708,-1.4172934397585257,-0.15454976969176118,0.8141071160965417,2.2557271306147118,-0.5945064071219724,0.5684858289397868,0.04651594055579412,0.9047371564274382,-0.6527443255007587,-1.3397957618803953,-0.8155248654118485,-0.886108604381121,-0.526111153646446,-1.4197158772598033,-0.43525973857127553,-1.2331440149022577,2.021174455706102,-0.2747139419761662,-0.4224299508550746,-0.8599342892804945,-0.19307553274543474,-0.9268019510016878,-0.024626793435174557,-1.236715063323163,-0.3625232347262622,0.7888824278559288,0.007096408806683042,-1.2791327211869221,-1.3328657136915796,-0.010725277562867671,1.5151442320397532,1.6046869166541209,0.0059489192336427904
-1.4147168935579604,-0.19571508647403693,1.4843890602827923,-0.217539889303188,-1.7679406693945454,-0.7179103086689823,-0.588231778150351,0.09305709276177623,-0.56389824590453,0.06965766950843716,-0.9028263055379099,-0.06091835748255808,0.5466247557537129,-0.5018327559258318,0.2790005314035849,0.4089194942088756,-1.4107647931254188,-0.12606224602415095,-1.6662467443974696,-0.16754555379391717,0.315042035755598,-0.6955408931437167,-0.04737132967943446,-1.631028275172395,0.4975968541760068,-1.8134598890058664,-0.2669960004101288,-1.345428207735873,2.980869850241016,-0.9251331687182809,1.1067924384431733,-0.239409503280851,-0.5142474439842478,0.04086401886587847,1.179616512031722,-1.3795514811638037,-0.38857656959298215,0.23784219082797323,-1.4730587840978733,-0.3110270313032318,-0.1832516214176945,-0.6308369746830782,-1.122641446762608,-0.9694123646094603,0.5578509200942803,-0.3270384367332836,1.5278502377440295,-1.2076508080577293,-1.2984276160288695,-0.20461183006441624,-0.5776135264571279,1.8342538281568632,-0.6730726850080084,-0.2812096840466426,-0.4118026520011607,-1.0455721666156217,0.7654697603157185,0.327711452810834,0.7579883215412114,-1.4719456661638437,-0.4172615622837708,0.8895301918144493,1.8771345878149783,0.9927006433992965,-0.11994582105729282,-0.3627408319080231,1.0643052594073399,-1.1580766226458399,0.7704422889025334,0.7412281642214067,-1.1821758421895419,0.4115682825996251,0.31542370232379635,1.2116537248528745,0.7260962828711882,0.6681974225415972,-0.19891096792079985,-0.41575870956709454,0.04454729801925095,0.9931363805279131,0.6175003167463652,0.6601793393301766,-0.12520877977075776,-0.04461201923260535,0.016221043487387968,1.0290122700579785,1.2133302937900838,0.46374664774712127,0.16888344317676227,-1.2214529377264938,0.2926921803665905,-0.850159674215951,1.3641702396391542,-0.5252658107924111,-2.017992569105154,-0.5729739356196932,-0.7428833562579691,-1.1681695345368321,0.26253698842362505,-0.7959323557751291
1.095374589763787,1.2793197417871935,0.3130789334436988,-0.5046213146717186,-1.4882997039759547,1.495896933180568,0.6197049721131141,0.6065589639515581,-1.800119939965324,1.053090365264703,-1.9168338862739294,0.3955745458925741,0.6478844699838561,-1.1024392860036347,0.7909859940676078,0.8281397493267653,0.48086874431036364,0.25868013208460205,-1.887358723228311,-1.5984153684494913,1.9316356878526153,-0.27687483228140886,-0.9854614660528066,0.10350367023148403,-1.3211971359816925,-0.06383391396627157,2.2668519146357022,-0.8235490403149027,0.17350246010062195,-0.6193091438805826,-0.7625501612570339,0.9033742340811903,0.7101093102762852,-0.7095827886763894,-0.013423022766799485,-0.8333817792347638,0.1656990944555985,-0.645346442389329,0.19569152589928857,0.8795725216777321,0.5489147198514922,-1.6143465239837673,0.3582347364406307,-0.17520094281166562,0.997731692492933,1.2650154065335135,-0.823594154612907,1.2348219043617907,1.320010399328721,-0.6382680107423683,-0.3304482536778395,-0.15814740349169887,-0.4653962017921278,1.9663067156427612,-1.1904198752587356,-1.751329373267556,0.4105087686572919,-0.6187686088650379,1.814872718720227,-1.921267274816935,1.2245082052403973,-0.4401550617580532,0.20477288912915242,-0.44927057883026134,0.016080999065047924,0.8012080569379653,-1.029228698096766,0.43243336048830755,1.558250309140902,0.5442768816878163,-0.14242994028275058,0.4453286686371069,-0.4868953568271995,-0.6862905270562548,-0.7729964878183488,-0.8232056688878715,0.79042268891351,-0.22413334382513864,-0.8455064794403946,-0.05010669020262463,-0.9350679605618305,-0.08684382273902531,0.3302776250846759,0.11792200947631715,0.05131792111846338,0.24672954895997687,-0.126064162100104,-0.4331993143359168,-0.4253166727788882,0.4294391775063859,-0.2853273430120412,-0.5019926674554086,-0.5208667546021417,0.24699937246179327,-0.22915557218947316,-1.0938189468340316,-1.6376921922937222,-1.5570037575432425,0.443325013649044,-2.354782394320975
1.8655685956108596,-0.4003408103721175,1.3480291783409364,0.40985091193234363,1.6310550466948652,-1.123025730985168,-1.0036629660911376,-1.2542129528768002,0.09307252354860396,0.40373122419116453,-0.889013004482366,0.08918678442488452,2.9584295244515935,-0.3485713587178938,0.09992627443412529,0.8369176698514207,1.3536141420618601,0.6436687121598795,0.08978940695336864,-0.37068250697419497,0.30915855158871386,-0.9734724512356092,1.4335865809863029,0.6678393538313053,0.40575432256412647,0.08036840245121685,-1.6454084300012464,0.35026783868924743,0.684997440237817,0.23789763732991726,0.0938795531744056,-1.5112634198988801,-0.07612635803935291,-1.5314649258999975,1.161097985004682,-1.9290861445658367,0.6398777255791005,0.26861168627566606,-0.9857899259862201,-0.403813430299994,-0.06332752089685029,1.325461772280401,0.05553719204539237,0.7871901400793254,-0.169447865876979,0.24775044642856717,0.4352308984684977,-0.37468557543562364,-1.565114178669788,-0.6064182817284096,0.04506095751275618,-2.411951963282116,-0.1811424441570225,-0.91469165603805,1.3352153974640097,0.5654036577681586,0.022472670806852595,-0.830912877106271,0.9890327880441433,-0.9430709098024865,0.7344508407199035,-1.8733974389346837,-1.3550639370918942,0.3357208572260366,-0.8049627717048875,1.575843990480249,-0.43090601301868886,-0.9492405920874399,0.42685328808214046,-0.128083001847647,-1.0785901842345367,-0.5558300586504961,0.7186555848557054,-0.8007588380021767,-0.4557707051331795,-0.6774315927167487,-0.23868607196954594,-1.3243427367591267,0.028547285803343043,0.8691140452363576,1.2662313998988322,-0.29748176619711225,-0.5134696971950994,-0.9046421645193565,-0.3305706819839629,0.17084522768615926,-0.18624014620702042,-0.7009051922265197,0.8426703839263778,0.6725245207273843,2.3353287707019588,-0.6815512901911897,-0.07305138996165317,0.2391783974571539,1.2082091639598311,1.2173446837028061,-0.2992924334605987,-1.4800779315302597,0.9434886494191184,1.4206862442798613
-1.6287080156714482,-0.8161514421001482,-0.5731928750487452,0.7240540788958713,-0.6028624674476206,-0.36055530997080565,-1.0731758348385192,0.3455790141476703,-0.2864468649090135,-1.0773748125020017,-0.47194145743756055,-1.8387002496694225,0.6323709590387108,0.9199326858753392,0.09190407625065317,-0.9142878960226921,-0.11534748400803713,0.9029565757821446,0.804249654590081,-0.11388804548615926,-0.20109586935777202,-0.06171650042789968,-1.9762793293450558,-0.5028306506106286,-0.6365305902442975,-1.3549438425163147,-0.4602500120799962,0.039016497237413204,-0.48653442897033033,0.5860369114886234,0.16025220032887666,1.6617584738204128,-1.1337705931615885,1.4800185301710185,0.05358726221316754,-1.3051149558480712,0.5773723318057705,-1.2324205085499538,-0.6225800498403566,0.5942124141306968,0.31823017663983766,3.7396079547088026,0.9633379095803137,0.994487072837788,-0.27727480842273655,-0.8600126573097838,0.9486674369733633,0.8862062898486339,-0.5481685375030894,0.7058888249312282,0.35941549345668783,1.5594030493748,-1.5433707401193937,-0.04736909353808108,2.360862441551481,-1.3400205690004925,1.9851178760632437,0.23228271798327835,-1.1410777123804903,0.3176055274208233,0.039676799907909385,1.8782772066318925,1.21822225333362,-0.47712382020969646,-0.44466652811744595,-0.9592629406988863,-0.20423815306985244,2.099525333730943,-0.8508238510624359,0.07195892764240855,0.6380862916087666,0.7689440103371372,-0.5092808046573577,-0.39017592087397923,-0.5332038998688806,0.7617432974688702,1.639344141886132,-0.8021203240222599,0.3632456188849412,0.8661826376176474,0.40383970225344373,-0.14360722049884367,1.855310255417529,2.344738481677875,0.6181127350060537,0.6901778244775918,0.38530076829756293,1.5474818742155567,0.6106300455386428,0.553949752647114,-0.5285807873089342,-0.09238355170183017,-0.8301966884194485,-0.055593237221991776,-1.493841668410443,0.2148323254711023,0.1267889892085934,1.1841203059573757,0.711447112230291,-0.5076150441165719
-1.5494545750221485,-0.13521599406267595,-0.5101745564581738,-1.202384295882993,-0.7791921371169113,1.0775124084986056,-1.2460340085829138,-0.898989694331466,0.4107483528262283,0.2777866979767829,-0.367073135928312,-0.6950448959087494,0.4700415569260938,0.6338186686613432,0.10114891616561657,0.5841349258528733,3.275105752688044,1.1728890976024016,-1.011085753395725,-0.2878611316578301,1.3410032023818919,-1.2061707643046813,-0.4037230932355596,-1.3051326013784037,-0.6352066529054803,-0.21698145288886733,0.5841725276039935,1.4499102941240036,-1.3979134582395427,-0.5995398771378424,0.6140931720375146,0.18924158450632853,-0.6825932061420721,0.13640832435828468,1.8844418314986748,-1.4741447667098089,0.7972184633771917,0.3968778538352879,0.37471548491425877,-1.6423326290269977,0.07992493164062427,0.2907062370362344,0.28649685405472197,1.5887673639616648,-1.1771755031963174,0.08925650979536057,0.7261853285719087,1.12421363849877,1.7949336486578495,-2.2654334244502747,-2.265859855766374,-1.2726342618257702,0.453456124347159,-0.1004072862941463,-1.9729098017761335,0.6005514755067047,0.306392968820205,0.0523984745482494,0.3656199980534038,1.3926989939883156,-0.31890828001854865,0.20800664901705232,1.5189401681433614,-0.7828332102140301,0.32426543480396636,-1.3935052462054949,-1.1495284293906334,-0.37059215354624486,1.2379841399648337,-0.5132671142082703,0.5759332808441159,-0.9460434761881017,0.13973974663308014,0.6825315026474047,-0.4291374369403623,1.347955782710864,0.11263572457086508,0.20396179032259246,0.7143741883169074,1.1254451868532194,0.5142194592467609,0.7879690902216674,1.440614057145838,1.6385130812196702,-0.3940796285033936,0.5472704462676546,0.6064064872285889,1.46508279038898,0.20027483348756145,-0.6263925662867329,0.024857064587819326,-0.3998295339207598,0.7884506777993175,-0.5834990568793851,-0.06794206990234926,0.4937020442244591,-1.3030902326356202,0.44245292168199346,0.2640057280731837,-0.9211079839674798
-1.1291268918958492,-1.1868370626324198,1.0239236874478708,0.1778701248530227,-0.20786447349354695,-0.936219168070776,-1.455374075311544,-0.9839976601933756,-1.5525306309887612,0.029475362577913913,-0.4059406178774679,-0.6849675098684052,0.6901724171831949,1.5898495509638209,-0.40800320088559555,0.4497484459906699,0.25933847763475076,-0.3589111179777944,-0.6036455853907017,-0.1725941992295712,-0.7695293694783505,-1.774616266393898,0.28428644642844175,0.326122611343371,1.1222573606108504,2.009234896738785,-0.028863141567396913,0.7302276195094977,1.528640636332626,-1.8207301583497126,0.09079469856006746,-0.15568437665418855,0.8006691863832694,-0.9389872774366432,0.07771159628651648,0.08734130156008396,-0.32087601277667244,0.6036778337988601,0.7310460990938458,0.15090174562940753,1.0001958840541938,-0.19553944035756385,0.42691291714498336,0.7593429336874099,2.148872499781441,-0.40012899304779875,-0.5639970493677627,-1.3241299394359887,0.9934021489035877,-0.13616385135538775,0.7084953190380379,1.4669413922674848,0.27105789925123175,0.3971940055985668,0.2990174925896171,-1.1550799715982054,-1.4799407668618747,-1.6049020577632562,0.09355448286306807,-0.219182553257863,1.5707168660036064,1.520954393683134,0.014935557750271456,-0.44933470856406166,-0.1199115725210258,1.1932368234104644,-1.1249695848271644,-0.7229654592588451,-1.1096958930402434,1.0428447277149844,1.394994355839181,-0.7517757628481504,-1.0089737605286204,-0.7644579398423318,1.481308391145336,-0.5868831098409814,-1.4787048431172156,0.1915659264821001,-1.7134462667166912,1.507343145155078,1.591889749363285,1.1382122034996254,0.5598276754294651,1.085888746330273,-1.8497182940746482,1.1209220201284662,1.4189301671293564,-0.14843892563985508,1.414050926466885,1.4770364460349579,-0.3692421354718351,0.17233906438773108,1.456822183850315,0.4298837174527832,3.1201203784397267,0.0865001913358018,-0.1977176175242225,-1.5011757930158043,0.5054857949675279,-0.696484064060811
-4.18069367692083,0.32785919289999504,0.1672845334529149,-3.677154976522315,-0.6191128030607874,-0.3795696236906383,-0.09134878159679073,0.04705171610300156,-0.2517976424553734,-0.099891796583661,1.4973177624380651,0.5600969875486675,1.2729576866949748,-0.22544423999147306,-0.7010003963191261,0.917220222004504,1.1101905763172366,-0.010513610119566379,-0.8568415706465207,-0.6550932368284135,0.712897006000986,0.6329514682278571,-0.574470107731744,-1.7874256807623399,-1.6163327407698835,0.20385707290380262,-0.48385102373827726,-0.20368864665624176,0.6496771446287865,-0.19900121648659158,-2.13851181124618,-0.0727971869759287,0.23222968510100334,-0.5617456315077474,1.2358075424610453,0.838365473986567,0.5435210724275117,0.8051434164464064,-0.34803799432928845,-0.8736860184530872,-0.42533717189957554,-1.3583580803259163,-2.8917279280248565,-0.7469602513551216,-0.39080479528753015,0.2340061509829701,0.9004408097673409,-0.619269823834721,-0.1776671105128485,-0.5718496691525836,-0.5332011940768724,0.622731785552603,-0.623533628857253,-0.7410151976830597,0.6873877233653412,-1.1002447942331388,0.6055153228603801,-0.28465393957330726,-0.32363644208848125,-1.6289412860653172,1.124353428918834,0.3445928107450124,2.806150013464546,0.09651432849424207,-0.5048099242942243,-1.6294027339814374,-0.137868735370925,-1.7290483020211098,-1.0311398824478275,-1.867156569607021,-0.7178557770047834,0.6430778507547205,-1.8765208542615894,-1.4470417756194995,-0.9757235479940434,0.8770411367431088,-0.8560829307585444,0.7102899560736498,-0.8343635025870689,0.18298958919723726,-0.8171771759501515,0.5993392784660856,0.6424374146877438,-0.6180542929703876,1.8124413619896884,-0.22976067407993792,-0.8653641580689373,-0.3013318813922191,-0.33181705904380393,-1.1208523402556907,-2.4974409568378664,-2.1865298388853436,-0.1258878431920212,-0.8237734932363949,0.21504929767945083,0.4643638611702444,-0.11332360299437357,0.014497598694896459,-0.43317551735008775,1.3338028948841822
-3.019068383214039,1.019046821743101,-0.401563240827699,-0.4388442950839697,-1.6004181899329186,-1.597289479112553,-0.1852797562802923,-2.1650155263893867,0.9462490726452273,-2.1632408684751003,1.928150856449875,0.8728809783938727,1.233884368507788,1.5394067538925158,1.156622353594856,-1.4222697992160032,0.8023410450207911,-0.1736702907657924,-0.3546956119935254,0.2925297032059052,-1.203372837615236,-1.2670929899712624,0.09080863220505217,0.11362495059085749,0.6961975595299087,0.5478848450007632,0.5583610405891699,-0.9392617794579375,-0.17538550273314432,0.9691277162799881,0.6263409726024435,0.6340352381564872,1.6325525735729707,0.7967405945368962,-1.03218269509244,0.41409662503647643,0.07624950680932627,-0.08943237765873986,-0.9719625778763086,1.9396989182955857,1.0645365991530833,-2.7547303624448287,-0.7817716171248981,-1.0655966333954836,1.1080945317065958,1.608402512881979,-0.4862513608009867,-0.8070596349505534,1.3515974197445406,0.1742939301467442,-1.07984181037629,-0.503715079062022,-2.1363501004654553,0.22087058053769973,-0.5335261798706714,1.5516248272776687,-0.9854496888213716,-0.11333622368891383,1.6093838445890094,-0.6731133568296497,0.28331348275140267,1.3891611882483148,0.010146891613041335,-1.214531452576063,-2.4441349388447255,-0.9337761462984698,0.9819532677334699,0.970184179351724,-1.9819362873319484,0.22099064233190163,-0.9980753084991685,-0.3052910969328136,-0.5671065507656979,-0.06157831795126404,0.8822626930654368,1.1563022071976528,0.4737296146740782,0.12835366926094874,1.3923105218361411,0.7508901641007873,-0.4115880575932531,0.567107897434941,-0.25816105323336824,1.0507502041584305,-1.0776077342819657,-0.2730601852587141,1.6921313217994427,1.2685435994718703,-0.6118467276003391,-1.3616927390405025,0.09520857622191654,0.2539674853467416,-0.8102562805679956,0.7762439787686881,-0.23932010894269015,-0.4121827412846957,-0.510100468152388,0.7792162163254595,-1.4117694971057693,-0.9039611894829261
4.502034577742455,0.7108556860361396,0.68091656018391,1.0222417119926657,1.2381946666334014,0.8498259528963386,-0.5549289179198125,-0.5785881025477665,1.6997337366931364,1.1862758024157947,0.37147941673866125,0.24320136212168048,-0.05929595528855764,-0.08123713156208547,1.7861727725961296,0.5347772463352234,0.3848282008653847,-0.12059827667439009,-0.772308313616531,-0.0295393693381461,0.13685025706281645,-0.23180671179821175,-1.1722225056636073,0.5428951603648433,0.2971592028362789,-0.6657024441182918,0.10960519723952745,-2.233906727401991,0.8455510347716927,0.24741916142892362,2.0650498551158933,1.3413479732409113,-0.8121887274476759,0.39826584975367646,-0.538479789644894,1.508664175665575,-0.3584682372732287,0.4748119337731036,0.012142156574576308,0.44202770395778274,0.5515591605057623,1.4246730823008114,-0.23731587997380582,-0.4452004579732688,-1.8690829987652837,-0.7573744475175559,0.894822014647847,1.1780086051529108,-0.2893017758151894,-0.5778085279526455,0.3023884565374805,1.618766634254914,-1.4701131904022107,-0.8160979494381994,0.8987548441013564,-0.16383322483281912,0.2870936278431523,-0.41914739216199315,1.847900406751929,-0.1730441880994469,1.3254776124095897,0.3938140292300402,1.1277718877338183,0.4650740065968171,-0.7321093100457695,-0.6473598654532362,-0.8342109455790865,-0.5946183365474259,-0.12755000259699295,0.5797410033602575,0.06286524682889313,-0.8559096750298548,-0.4735953745286326,0.3154133074793301,0.5855434367472685,-0.004947998168287212,-0.5882749409671197,-0.18969321226110616,-1.3034448163687045,-1.113622941536763,-2.2727872185549955,-0.8002748852054662,0.04875722174369565,-0.25641650364368124,-0.6143285318945991,-2.4809714325727583,-1.2034827964431716,-2.06340681602324,0.37541388188969205,0.9252726439839338,-0.2652186718117588,0.8640907198937561,-1.716888977335568,0.9075288235795822,-1.0763343855415415,-0.011100497852978964,-0.4338712059252438,-2.260233269142494,-0.05058295747369807,-0.05103255260840389
-0.10272113978241215,0.26412801475492936,0.6040611063666632,0.3698010768961862,-0.41279659028066795,-0.927914747519523,0.0658914179963324,-1.6140469767256325,0.2217668759758608,-2.170522431792369,1.02440522668047,-0.281073979585771,-0.9855215788380004,-2.47754341327197,-0.011281148560441231,-0.5525608946272333,-1.0311553927687866,0.9739875504112911,1.7850759853702562,-0.03596858442366948,-0.15184734141327855,1.0478918180938384,0.7353725446099921,-0.7601824978328805,1.5463458897131586,0.37874349842592286,2.358847744173456,0.9045057084799171,1.0605095678146208,-0.5565086976026714,-2.54105726136455,0.6591504694747032,-1.6847990611720172,0.025033860185448426,-1.7110131384938867,-0.28519522027966765,0.3495013684302362,0.8528430595274189,1.2691032631624355,-0.5583154076500154,-0.04547809809868446,1.2509309487262041,-0.5097419406683155,0.2515578957566036,-0.0068900245297191095,-0.12083140968097156,0.0868615444357945,0.5222545231433159,0.41707050856844824,-1.2470619741696753,-0.12685266950015478,1.1565249867439715,-0.08261383789456181,-0.8471322604670627,-0.6317804016264112,0.15500780586761878,-0.26573968730252157,1.313320838725055,-0.049978485103572286,0.19024708977995075,0.6799549197638323,-0.7964171174287605,0.7373441339908556,1.1848335192710988,0.7520703579543071,-0.24920095799429234,-0.26426529200569,-0.10439924992417626,2.1059082787911603,1.023532110676727,1.632313423489259,-0.2948779948471706,-2.0369787397798627,1.0296612782008663,-0.6614801973049022,0.1737362670439847,-0.7129834438979006,0.3355052391727999,0.20592275046517783,-1.3142237250105293,-0.5598984596042671,-2.1731693755025185,-0.4100828354112495,-0.7780710275100373,-1.6542294113640206,1.4478810537392393,1.687054612740925,0.9579697848722285,-0.011753988190387463,-0.8326817793690486,-0.1742433422974153,0.8615385466977636,-0.061830616312419845,-0.32965639424542575,0.24668356171117178,1.0246367785758488,1.0027637705513908,-1.0247701562956062,-0.2894171984342045,-1.0233943603508353
-0.684657262955524,1.5863837303503028,-0.8036440086995242,0.003309978351039015,-0.5225005604051834,-0.948206402552158,-1.397958500636019,0.7011125644464776,0.2750267570784165,-1.8478766267866507,0.524998769121194,0.12411314465595528,-0.8906841096189662,-1.3769865573068616,-1.9538222616212253,-0.5298775850409633,0.42817695549144597,0.27988673988768015,1.0680606887275088,-1.7738762813523725,-0.1257292662450834,-2.7698291843129996,-0.07576252061671829,0.6987055821193532,0.566819373679998,-1.859148269656153,0.6681224043245445,0.7574776681213776,-1.5072166078627731,2.533316888398174,1.7421395913327014,-1.4232163929902708,0.4827448749059947,-1.5836889626183148,-0.01211784363785646,0.4615756352710631,-0.5704403188423165,-0.35738098854993844,0.5056524842265133,-0.8388819127990983,0.4811736322026605,0.02901183163059011,-0.98817988006688,-0.2123321042404715,-1.439847031384501,0.9374026901129965,0.6009787275102214,-1.1309106653907324,-1.4475172223811341,0.7716367234249519,0.1393140835826922,-0.2815435210766908,1.2528492205978417,-1.4191517835733998,-0.16100597132673491,0.4494547609526968,-0.5866315076082943,-1.8556731506828466,1.6313573278671814,1.1582614411386207,-0.7231135730743666,-0.3379696832643172,-0.9409121192231371,-0.30555832536874983,-0.9425880261340641,-0.7742985352539462,0.6179143359251857,-0.5417811008848837,0.7337494384800721,0.19673068168193342,0.37289655142498296,1.0101524285004302,-1.4750865184265252,-1.7258557478307865,0.5788735767051869,-0.1255524711014372,-0.1898092993147372,0.13101428937717602,-1.790757610020339,-0.9919008914278153,-0.978136660056776,-0.09605956375379537,-0.269829127959383,-1.0445294886614631,-0.547692881889326,-0.47728318736049047,-0.04044046981732607,-0.2619477818823475,-0.9105972191263033,1.2954129321415804,-0.7420239271097289,-1.2440564185487561,0.9505935506861203,0.43822393391875547,0.02560461864235705,-0.26162566672980453,0.13722960639420365,0.45987983532532567,-0.044842739151852336,0.6810088495116047
0.916307964892585,-0.724492956430914,0.04033781407480281,1.1759093924176391,0.4794227896833969,-0.05486907485233982,-1.1486385163560424,0.19070518097391692,-0.2634560344937696,0.47624677524242737,-0.11638018825585444,0.6273534393423138,-1.3779157661570889,0.29734939562757434,1.346265482888706,0.2245559567039913,-1.4961625647729702,1.4075958711125454,-1.5375287002535312,0.958266956488811,-1.1509381360409354,-0.46288071573929385,-0.2649570205333053,2.361616128371081,0.13078190465520806,-0.07579012147710357,1.3370593942798161,-1.6399164986090193,-0.20193588687498465,-2.393936103794136,-0.0412823530544974,0.5798673540683118,1.413568336804266,-0.19352530532937948,-0.6205420265012189,-0.0016204499445543995,-0.9890051771081121,-0.23855316848035718,3.718928714056223,-0.5358715410839778,-0.7428103315434585,-0.590564582530864,-1.5683737245112523,-1.0267259656289511,0.4292361799404739,-0.042855245186081775,1.0350482431708532,0.9278573420843043,-3.0776715955370983,-0.5057508202163744,1.33433785657454,0.8690701837378352,0.17683455069564935,-0.345540024271491,-1.0287026225338123,1.037387031737742,0.6204389227258463,-1.171626558175754,-0.7048319547174762,-0.9323907995394644,-0.7102490290822236,-2.580301366973865,-0.35552032638271724,1.344682461933144,0.2700567578977548,-1.5314694481291296,0.6502515180274414,-0.8090216686205718,0.34009640511406153,-1.0808882629523635,1.14044016321287,0.09758463691359996,0.1926704306913794,-0.1817032914281477,-0.8609616607845187,0.4877707878084186,0.2775671996887043,-1.4378866228188905,0.8677524485507097,0.7490055860264977,-0.13655310032262066,0.13170797405990078,-0.6349712049863537,0.27526082409919844,-1.3455382431542424,0.21250444696742363,-0.5076202012149185,0.38313727052065644,0.25045986435359435,1.7923857429529806,0.7249671467826423,-0.8232071433746542,0.6557330311297356,0.46891003730656067,0.8653098012873326,-0.28339254052237506,-0.9412924901873085,-1.3188025530136769,1.1330460942292349,-0.13139116947969068
-1.3850850832021782,0.09589565920545921,-0.4699687293511501,0.20527054233025022,-2.100191216580051,0.8839086611933132,-0.7436860289428204,-0.29807619359222526,-0.23390520546884314,-0.3465667822145426,0.6191703746587027,-0.3827912135628372,1.6726789762527658,-0.9020011747332943,-1.4096976853202174,0.7929690321802274,-1.1319724991979476,1.8525503947808342,1.0900061547098636,0.6104509986530234,0.9116258277345289,0.21504215732826518,-2.291463410956287,-1.293379575406246,-0.7102611485942649,0.1082705287542403,0.3612723703041629,-0.5713112881841472,1.3110332052971831,1.5723681054558,1.1627072455462646,0.5825362230902595,0.230025010335333,0.9738414167209948,1.0857450515343035,2.0712536873077254,-0.5112548926743091,0.47705232281627263,0.18770034566256827,0.4942734450951628,0.38531187229264235,-0.11744857793799916,2.8195494554880627,-2.6605573290624807,-0.016794472762586603,-0.8711088708327764,-1.021618126342662,-0.5888549001233313,-1.6742238059397183,0.9533938741845555,-0.142517998121453,0.1805648535555547,-0.25205384355108257,-2.2115630073284076,1.1222185294969367,-0.6439743983078395,-0.7774513940512657,1.7491233834912074,0.13399316553065066,-0.11227520829215058,1.7416398093652994,-0.18481428497606414,-0.3053454264700767,-1.7292180743456234,-1.097632160064673,-2.0330410507825096,-0.15440091342160062,0.0653170113287233,-2.4825066280830623,-0.21639090575028988,-0.9213515955848041,-0.11690339922873438,-0.3057786643522335,-1.4700651613945883,1.4799155950920049,1.6601775937643684,0.7702946509992951,1.0197920140827115,-0.9433976095883833,-0.5626983670089659,1.0807246386112281,-0.7538825012419322,0.09621292884708384,0.9873961868476976,2.0150825829000407,-0.019047661093126663,-0.2014699834600514,-0.06073618885641413,-1.0984928587452452,0.521809705705446,0.08759750139715376,0.5924934415897466,1.297744002280553,0.8114332746100581,-0.39400472208516363,-0.12355798285091485,-0.00865703018678786,1.0179276536767632,0.9460769274010493,-1.2198628853682176
-1.6662812876090198,-0.951382529220412,-0.8974722659032053,0.18494551138010448,0.3663914352949664,-0.3687634391604734,-1.5784436088266836,-0.4773897288138984,0.11242577382214176,0.5101102571854841,0.9356571665807247,1.471411750705968,0.7178576334497075,1.4315671752085564,0.46779233741454884,-0.36973690471780324,0.04621101928204849,-0.5913170041790645,0.6713578525108046,2.793186557231095,-1.8391054924607266,-0.00656210260805894,-1.1737510446981751,-0.7379990091795716,-0.40940073340113914,0.46410704050840573,0.5578931341657015,1.0429820180860279,0.9533396174906161,-0.8823692961848512,2.4484185296296226,-0.8216536749586048,0.3834665223332215,-0.2699430772930612,1.2967459991202044,-0.07812153228664337,0.9027786134991053,-1.2232610825525678,-0.03528223271647831,-0.5869243703634945,0.825419097142187,0.9006385425714716,0.4424779248130758,-0.762803890537236,-0.8915442139801666,-1.1323808984213046,0.32246877069042806,-0.5497538832794008,0.3159645229184203,1.3895634882846517,-0.1095432136183229,-0.30579099186045205,0.4640321002997698,-0.257571284919955,-0.30626925398802485,1.775575769786687,-1.707897114285529,-0.37289708964314894,0.1582319617671461,0.7008202741373536,-0.8469308304772771,1.160179753598346,0.8746005894188387,-1.127113887288864,1.4789814185445678,0.09824479469149192,1.0527846718724339,0.08140578997239682,0.6883208905393542,-0.4717879233130248,-0.9454529611293506,0.6942548701633896,0.6544611467195879,0.9183375391464099,0.46947601597773475,-0.07684943506552254,-0.8710811392178562,-0.03520221670339986,-0.14545136813262396,-1.4923705367996636,-1.021577415266126,-0.23979387016093598,-0.5857258935076287,0.8990373827684881,2.244775334783196,-0.13727420292409204,1.1566455320004472,-0.4743727656885127,-1.1351625449656138,-1.3307975617314234,-0.3763523500388038,-0.23792764267020655,1.4279307637427423,-0.2456421214366416,-0.7399219243244491,-1.2777760605510897,0.2184897970087901,-0.789978359459258,-0.28550352683579716,0.23618837865125766
2.4707979081145144,-0.5057947201511398,1.3005627118986347,0.274855230395616,0.3663196135479249,1.0348550724234784,1.2706564058405934,-0.5250678444728801,0.13098218297588696,0.38575273762893075,0.9698188451946964,-1.6054542970943835,-0.7263021169781921,-0.8837819470485183,-0.6869096995786214,0.42961925583944166,-0.1902740534337698,-0.6696596657290379,0.9707800869130364,-1.959707337706821,-1.9764261209705003,0.17581937652450141,0.4005333519173007,-0.48546368993069156,-0.10557403005568147,-0.38050010242547994,-0.046210901390250074,0.103953639120845,0.11158906544237662,-0.24145381923404852,-0.29529149596353094,-0.6938653394218405,-1.6529672115704843,-0.7562810059629699,-1.666893337971366,-0.2891000375374088,0.10278941442593603,-0.37459995495706844,1.0184910699346383,2.7410491861362454,-0.9547720627629193,0.1355185153379549,-1.281188537240391,-2.1613312885886966,1.6865067349622305,-0.24317586716514042,0.9088854778331623,0.6050822279683378,-1.2722918099675766,-0.8619517206096295,-1.322772766629778,-1.1475174002784325,2.6435689748402362,1.196606589641153,-1.2316313167778266,-0.02339528752587753,0.26755597110078666,-0.3419304042934168,-0.27260018606084674,0.823420793077542,-0.8172752330321343,1.3627757468889536,-2.374032421243362,0.31782543702834093,0.9352116226270861,1.3103543558128943,1.112019603481953,0.6080367022212774,-0.6065171602492274,0.44195603287733637,0.15928192487177742,-0.09668147441264627,0.6111845958167981,1.1579310060640307,-1.19812498217946,-0.22570539801239176,-0.3844430001335398,1.6522546481520481,-0.6907348683186056,0.6453592371153635,0.8821259443509493,-0.5336711257440355,-1.773071598984932,0.849681647281309,0.006502788195443021,-0.44967732569284063,0.11943190506555514,0.4772525252947037,-1.3508414103476056,-0.3772183655187448,0.6331947085170887,-1.025917659422662,1.026423600633912,0.4359971141619082,0.08579423120829983,-0.4979939600339432,0.22929549192475063,-1.2226597455894752,-0.11485695641553643,0.05902115693243105
3.000897505251753,0.8613622316524807,0.4507013875273893,1.2913217435497275,-0.20328995109689887,0.600802093619054,0.5301628477155468,-0.5848615733350351,2.5062263411709362,0.1287521202556212,-0.1605260909262022,-0.703029664045701,1.6799905469024923,0.02247015182125587,-0.5762551642769758,-0.15728728544898038,-1.0142101483696895,-1.6796837697288973,0.1369064430491086,-0.8535804746020952,0.651245220224786,-1.0866802807373075,-0.47529934664284723,1.984493051579079,-0.2042078839609893,0.8423971363101411,1.3429609605422443,0.8179937845535868,0.16807529593771933,0.9276455017789929,-1.4226921304367797,-1.3962457897574672,-1.4750812544204943,-0.07650040770550198,-1.3181904191163214,0.2879331782988554,0.17910966995590477,0.004669039684117841,-0.9752146275876556,1.0146530311955346,-0.686658012738992,0.09860140548128293,1.8495666819577101,1.7342891763005421,-0.9195847000510938,1.0661033121671017,-0.2929061077241354,-0.38099264316023934,0.7567449569584171,-0.8520758271680396,0.47636226573042234,-0.38353535537375383,0.18425249419772688,0.2495901777663341,-0.7859619629986805,0.09959116417115188,-0.27292179722641285,-0.6828793948253224,-0.9335203095777105,0.7081025685833804,-1.4118209322538409,-0.6047839384430336,0.45716562244735526,-0.11920190825317029,-1.4849821469361242,-1.6320589546502204,0.00970638274188566,-1.330568813345612,-1.270032864300333,1.6383167062288058,0.7516069159663697,1.5098322474184485,1.4542245803320577,2.07607610870835,1.1146549159766284,2.1272591336219486,0.059424228419156594,2.0740758811568734,-0.6618413444948126,0.871201628908793,-1.9203303705774581,1.0494304057702448,0.016162824736814976,-0.5656542207427364,0.8042890761611153,-0.9569888480073226,0.6611002393748577,1.4979191421119424,-0.7015175042698077,-0.11631323545777426,-0.06931615857067289,-0.19480595998137948,-1.2575357036024466,0.2911472510665201,0.7137341636601628,0.673393777388123,-0.6604142388466868,1.2593952158523185,1.7873895684812318,0.6201333678501876
-1.2222291731158428,-0.1247862012043912,-0.9588119519903832,-0.39125369312984,0.33702696697117646,-0.08440429376240507,-0.819680562737218,-0.03456921612965065,-0.22454316195847068,0.6354009591451373,0.5695789944648352,-0.4399880561916435,-0.3514189597133003,0.09741889424556555,-0.5697819571920049,2.2871729253055926,-0.8963124841172604,0.3980315416293092,0.20496941408998393,-1.5745562025734046,0.5841552957301379,0.7041500943164429,0.7097407493494989,-0.6099193683087006,0.2903313186854837,-1.552909703064893,-1.6074164274081983,-1.640709558136919,-0.6712977482996053,-1.6837443068119702,0.11648295944153958,1.8439761284041265,0.12540133711579482,-0.6911158080911557,0.4316391565784971,0.5535025164863846,-0.3064914005077827,-2.6822988512511254,0.3005427799291513,1.2444022756197526,1.1550801666971524,-0.08467509617281614,0.33855559760349563,-0.2637075197929212,-1.0352915819411568,0.3580539197975463,-0.945429536395879,-0.1912558080648189,-0.1505935983796402,0.3873715841996137,0.30122977198548795,-1.3110976951763218,-1.339180386249731,-0.9022882615085246,-1.3148858198538078,0.5263900660163773,0.8130778191158198,0.20352186308896383,-0.21405146374314285,-1.265857076529427,-1.2092904242414466,1.0322818565617584,-0.04190162592573754,1.0310565251860297,1.465202833809404,0.005424306994483548,0.8132644545307919,0.733456677961175,2.457367955846517,0.3235298441152984,-0.08115396090399048,-0.27481204490899225,0.20353345815467058,-0.05898745464701388,0.09808729446820422,-0.335416551515463,0.4965019708830747,-1.8776985439601899,-0.39650167722644486,0.2521952879694436,-0.4163074927991657,-0.9941903738624736,1.3952726453251763,-0.6898811982404466,0.514160243560279,0.5987793002648031,-0.5043228975425943,-0.589794680588326,-0.4354320991237308,0.5995066153354199,-0.8483364483741517,0.5932940432560914,0.14165471305260685,-0.4691641853053136,1.0974385702324416,-0.3088768281427147,-1.006910365277343,0.6532363028392502,-0.6219413139288071,1.7185469758440446
-3.147036201043033,0.5070953206349615,-0.2644220734610581,-1.0070375798918947,-0.7685082327249251,-1.6141636356001166,-0.5297642923119955,-1.0237617959520213,-0.4963611080598698,0.5078499358211531,0.49206839000522,1.125761207051279,-0.5082842674568938,1.0744083541922476,1.7094555766400412,-0.715360526118095,1.558831966977162,0.6858338265146737,0.37936597766035546,1.2402003994037996,-0.919201792636351,1.068226471161159,-0.8642143183802611,-0.1941587462727781,0.007715648113327339,0.5097098601804201,1.0627684012937042,-0.15222602226683726,-0.6249096269230954,0.0488695569440293,-2.4810519090158643,-0.3641608255897857,-1.4658941636399427,0.7092991055760473,-0.8673101895170405,-1.1162552222109823,0.9199284507725678,-1.0534696141619442,0.5701704476972704,1.163097447001216,-0.48342085475231794,-1.3554313544146865,0.1825950090715306,-1.3511183802237547,-0.596512159151031,-0.34000689005779766,0.04232879839699122,-0.6895642336517225,0.45327472519694223,-0.3314814856738528,-0.6839607793813705,-0.476308011517359,1.2668977919192048,0.07878124988586184,-1.6592543056580353,-0.4141137274437157,-1.1892254099632178,0.22061482295847645,0.9614365722211421,-0.6036947958852921,2.0310130948625087,0.5850266463439364,-0.6485158788655283,-0.3908792994556284,0.5651409212928684,1.9400391840318165,-0.5081549723776115,1.0825529631833166,0.48416784021341147,1.4249395669350655,0.8145979988084567,-1.4138835945953454,0.12941165368125732,-0.6182186933057305,0.6051546429426107,-0.6878228158232186,0.7137893482428983,1.6936582911393088,0.0236819325488403,1.5794583285201504,1.0695840612102818,0.6891302224199183,-0.8558825416008029,0.31259598497161967,0.5154664986680646,-1.8029758661764166,0.14681062377871976,-1.5356524518236898,0.14719337089331425,-1.4375499842075772,0.6519925230924272,0.44762131412826983,-0.15520381076044562,-1.1911915345430906,-0.5598400284808381,0.2838693992697823,0.23436725146791318,-2.199915856699464,0.4935115810528835,-1.7566379784293085
-1.077211348484956,-1.3212389600117775,-0.6779970760749069,0.4150190153202088,0.5343803695516156,-0.02737469727009565,0.2775584766749086,-1.4064014204274973,0.9747529080204641,-0.7056751744721412,0.8943378172811568,-0.7544140261440938,1.3158586793019982,-0.19687928092089335,0.051618164727734055,-0.5513026009950456,-0.7389294856316647,-1.4221351675232843,0.09048588837120536,-1.3275473112306608,1.2412029876606991,0.08922428330225932,-0.5709465884720007,0.4237551412266947,-0.21295020141909188,-1.2906818855364108,-0.6148863057976202,-0.38714826334257996,0.4752048633595619,0.31801276661165234,0.11942438717357494,1.7743502902012729,-1.0557699801897644,0.21775403744993377,-1.1466676825131108,1.1799192807007055,0.039119771828569155,0.16589038288487776,-0.9464930759613275,-0.2708187740011747,-0.23913113816025194,-0.05872996453749056,-1.1767271118879423,0.3348807847428508,-0.0758435122290192,0.7460661471023011,-1.8028041605549006,1.0865356887178659,0.22721655849523315,-1.5804783534212319,-0.012391185453316486,0.36633197695431186,-0.030269740565689086,-1.4041784869458949,-1.174032196255858,0.053755925193255505,-1.5069076386793183,-0.5433666839709902,0.3342164293336872,0.7538205667096864,1.1759252024266296,-0.17958460331914464,-0.6320376662945287,-0.668579109193334,-0.3656461092426623,0.7882771016897773,-0.9470643771586411,1.5069476616313717,0.7199019579107049,1.8611739578807978,-0.5857803475868334,-0.421837183355148,-0.4115431477805407,1.4371806554945321,0.5007098561649153,-1.1466178951312915,-0.9073842118640701,1.0066031026867648,-1.658298794113027,2.1178338419590386,-1.2702332041746478,0.7843174684707485,-0.6392245965213911,0.4462551994637429,0.8318901737701301,1.092849574303103,-1.0187331683860619,0.20271672407011923,0.4788029926408849,1.5186517282236411,-0.838272100351521,-0.07121075642879175,-1.0734100963495645,-2.412379797833125,1.990973427538687,0.9974650360626076,-1.3204305532278002,-0.043591970032936,1.1644916690194185,0.18296579819969885
0.382552724928635,2.4309620369285905,0.056732559069729044,-1.7773459516271712,-0.771977067920205,0.44418114847769186,0.5729886485591636,1.0552788773491124,-0.18591732925923565,1.3180608279656427,0.5431412963974362,-0.07930019200721179,-0.43227170220046784,0.2482505892039741,-1.1760703296882924,0.6458789837999789,-0.27710593314180604,-0.1395851955731949,0.31941878742069224,-0.47801934885269076,0.46794480072370026,-0.5795732509528968,0.013545938325051347,-0.05555089081592334,0.47411505037138174,-3.3985675717075967,-0.3486568781978936,2.0910115028322314,-1.0125240089509107,0.041517117898063054,-1.3251963744349318,1.380729758574126,-0.17845953778875173,1.6566977988096931,0.4098934205519075,0.5868740577132241,-1.1000231563431007,0.29592215141803546,-1.3473003280501648,1.4866891496399024,-0.6714930119328409,-1.1684435451911315,0.006071622996565536,-0.8942095936555059,-0.0514764706035393,-0.12606320902269205,0.014881798605818515,-0.5210178229737937,-0.06506981334445683,-0.34646184816958436,-0.569713303020792,-0.8743409709423813,-0.39375172171551875,0.017698841973650004,1.7219256600454447,0.6111772040263032,-0.9902251504862127,0.3265762780686208,-1.134140593568398,0.2613530725384834,-1.8500014575953028,0.718842135138851,-0.28538920707625703,0.1603471760656715,0.08538485304417104,0.9640282318467244,-0.9536845520909583,-1.2264053488978435,0.809751013459855,0.7388952990495931,0.3288575489273445,-1.1946304892388948,0.4090592713267222,2.201173195924859,0.021040448654584924,-0.22734569377815392,0.7122963086705986,0.79228205628305,0.6120777742763636,0.7202066427180389,2.3959386162815868,-0.7975990019666884,0.021927692895926817,1.4076118625109668,-1.4181581113884583,0.7813413526910986,0.288488885595272,0.7580680328774261,0.10720354537385605,0.05856076092701403,0.01031430786431782,-0.7456227362967959,-0.20071713664572544,1.3607202954250552,1.4025709739237284,0.9987095612746808,0.3346141918667559,-1.0294285760378445,0.05918787633039801,-1.0665195403484067
2.890251787796423,-0.44467458731307613,-0.3866167814107451,1.134630355482509,0.4777021067401413,2.109210694297594,0.9373890781755098,1.0403857585405494,-0.6292841397570238,0.48304060435100965,1.0434284503459486,2.370321587447662,-1.3148475026895508,-1.1806189923880361,-0.3103976188376158,0.7519500757303,-0.972435423377109,-0.3043672071938604,0.7763825488336973,-1.7367793692373772,-1.7228758943141804,-0.31468068949057265,-1.0962037556058373,0.8694713272102742,1.0466271494059431,1.565670168999149,1.9664062052942328,-0.6972255539202636,1.1109757968937162,0.31787603336934384,-1.7510855890621104,0.6808978212334759,-1.284687235319814,0.6457869378795948,0.023285222704201986,-0.20503408616733698,0.7597347867635769,-1.5292244524834264,-1.2072974920364183,-0.4312899451750263,-0.6691103415243407,-1.1126874978076844,-1.032013443142118,-0.26765325807865376,2.1537529087229297,-0.22818191845670274,-0.6708875984101559,0.08849030584546318,-1.9297190459169544,-1.4845613382974951,0.2270415890910147,0.7187404418304871,0.973239011037516,1.1726265870216666,0.6275756825556784,-0.9680043520906688,-0.7700278612975755,-0.16157708582779085,0.7497944609583562,0.192763623516111,0.15364365317455198,0.08244282276857412,0.5643341173989818,-0.8315903720399174,0.6633921988413402,-0.2997709716853219,2.1676415858954057,-0.3764534977577967,-0.865120920830339,0.8097179018762478,-0.49280293995630625,-1.1700579662216386,0.9891879692023875,0.6916442214004962,0.03566187679147946,-0.23286314470917224,-0.9401861806018423,0.01204876501948596,0.6408326614705502,0.4096067748642547,2.9117513231184917,1.913765392631399,-0.21646263519407902,-0.7373866679389233,0.45254991867170297,0.7342248651651176,-0.41937929024361387,0.27544715100516853,0.6511097756725189,-0.07775245117523473,0.359952325733281,2.1381933965384783,0.4984778992655753,-1.3489892319320493,1.9316371184976255,-0.3226602470092365,-0.8622352585371234,0.4257811198155739,0.5667892853486436,-0.19927678852296596
4.518517056894453,1.2405224974828808,1.6784939457232575,1.2683098720235009,1.4095138609137123,-1.078323119248899,-0.5060330953426657,-0.06328556941220795,0.5320252526023609,0.1841019416294214,0.9258116722672624,-1.845558811459634,1.0654354959984151,-0.546342368902168,2.2171175443684112,-1.6176808643565572,-0.7169441770289241,-0.45374639378786086,1.1490697981636175,-0.5896963395825552,-0.3205515825131437,-1.064542892343674,1.4260121663490273,0.30241062146171627,0.7047139294874356,-2.1041796643174417,0.36282355202873606,0.5853541685713174,-0.5487005270684371,0.4453525845091176,-0.890166745274337,0.18118998918807416,-0.8299556691043256,0.12697470199726152,-2.258480234745946,-1.7599809457261086,-0.7684935471433728,0.5643185566390619,0.5328118553676007,0.42510540730369545,-0.7321895805303869,0.25459254385198143,-1.1925286882032513,-0.052158688735133005,0.13120224421510393,0.1047051412403293,0.1234334208793306,0.04919010447857565,0.30878315850590365,-0.4403167709078601,-1.101127489857029,0.6812081845168799,1.2504220948327185,-1.6839915930376574,0.45441477175490425,0.27180404186474877,0.3146878840229433,-0.7414212993574143,-0.7299407174788171,0.8495389113248778,0.9896495659605549,0.5678455291825323,-1.1103228281037758,-0.21170552288505154,-1.0676553070932095,0.07356763291593969,0.38573511481835704,-1.1583429443158548,1.9497943833348153,0.5553768098418062,-0.847425385688077,1.311196580792064,-1.1067091608539716,0.15462874987727204,1.1781048300009793,0.9083464950729077,0.4840033675966853,0.08161076302164096,0.30545944757885035,0.336596176937428,-0.10734540544439759,0.47925595623739353,-1.580364152775798,1.2689201373754566,0.6618270605370552,0.13048357775096914,0.40659430410027053,1.2493679887748268,1.1011364088886586,1.32128920164686,-0.21859493479542708,0.7595264001053977,-0.035458565431335125,0.5123434670364705,-0.9244550356449497,-0.3852734370723697,-0.2956886163653428,-2.1713082925347527,-0.43973423944912593,0.6132429094487891
-0.9607813459675894,0.27417870897598917,0.27215504205364816,0.48446984390317643,-1.3813152338668429,-0.6102697070335603,-1.5025412998678236,0.3320524868011147,1.4121535137329244,0.5493929608319329,0.9943697902277048,0.9014411559786951,-0.7479552530010858,0.9215700860060584,0.5641457277349826,-0.910515415107177,-0.18547749730674126,-0.35444776739582656,1.3121183097061855,-0.04212261734108863,0.0019253725904480113,1.318643589792122,0.6922960485911852,0.7486221917804835,-1.6506765249669197,1.1902158935210392,0.5104947527817055,1.3635491569387117,-1.222774826131608,0.26498893713687227,-0.16352772816637282,-0.258733014926093,-0.40173415312250266,0.9218917013090314,-0.6417506512778719,0.9461400253340849,0.34164612231986746,0.4855218191008815,0.1433448830721325,-0.265550047501378,-0.6307246313695678,1.176727986310412,-1.663222911366358,0.7360760203971889,0.8196517550280445,-1.4247181720964954,-1.657478096069668,1.1948752393846005,-0.050433018033281166,0.5702090909475991,-0.22073649023850855,0.24831812564107225,1.0200073009819197,-0.9450302398055068,-0.6577440289911488,-0.2596209170237809,-0.6988077933760867,-0.06509031323091619,-0.35625919586201277,0.9653948079147671,0.9811238400054397,0.28175313884899217,-0.5837465266698644,-0.4377711362543745,2.4864853443361317,0.1438878313655464,0.4145770985823151,-1.4475585886219509,0.41314897534170325,-0.5474711499808385,0.4170667674778156,-0.8079643979805948,0.3643482790872901,-0.00863081444030561,0.4418347791576233,0.9225186950233363,-0.26211818360355216,-0.40123893598326005,-0.722182071010454,-0.28094171945688523,-1.7484807159183127,-0.10476569301990457,0.8055798014003279,-0.06135636102716353,-0.522655671918903,0.41316851944359206,2.4347300241296623,1.1035042080041182,-1.1029987450546834,0.6939317419152059,-0.037262629205703814,-0.6006798826112646,-0.34162831150238926,-1.3207752020015382,-0.29843516515577856,0.7461875263508668,-0.8226149231858241,-0.8995582578110598,-0.5303774606033432,0.23160395082308902
-1.3497201313023264,-0.6180066392712996,0.3208956390382445,0.5000080166430886,-0.32512182595954714,-1.2274953217528126,0.5290827725097459,0.37811384163353257,-0.08194290216281264,0.2780551200617757,-0.3153743053596659,1.0413584386708765,0.893926635508052,0.7462552629645866,0.1448233635686375,0.23280091308821152,-0.5204296276655775,-0.2573682061124283,-0.7635935866113212,0.27968351842627615,0.7539867885636636,0.08653703636150956,-2.060137274336141,1.0458384838920565,0.9429218417266249,0.6420473003595556,0.6321361688251418,-0.4073298871156723,0.07183608959308249,0.052092552581415666,-0.5713849894464322,0.5104256580250697,-0.8845706056741058,-0.09535679180896368,0.8625722484445018,-0.18786603040000024,0.10814321433978603,-0.33953782391824,-0.13235628991673073,0.1235848800763816,-1.3585810451631082,0.35412828870536955,-0.37055371998630254,-0.32623905601010245,0.8201530328119353,-0.5654576505136893,0.2807955613210803,-2.9612990246666233,1.2640781917540036,-0.6873919986491038,0.33073584835217534,0.7427288180218512,0.09041402941408266,0.5451171516591764,0.6904058572763471,-0.21147428406788463,-0.19936161950725712,-1.3054577805836525,0.8601151025316345,1.378961677823128,-0.09968284898903872,-0.812480988592364,-1.0495719475809244,0.10125711344768794,1.219845625020081,-0.4214295463629397,-1.4431537909762089,-1.7267203593917495,0.03797382204765521,-1.5494924563900605,-0.0392581662712849,-0.0030476791395212407,-1.7243696093788832,0.05213389052977632,2.091978297977265,1.1048783780106355,0.20788955085269628,-0.25087860149728886,0.8050059957248822,-1.452861334404623,0.9638133395146076,1.7244698037039135,1.0101183149689044,-0.5878637031609847,0.9389637655797931,0.9060880604304075,-0.21993377186434698,0.1885408765715203,-1.501606318885795,-0.9950301272679896,-0.9925032273618178,1.8005597417420791,-0.13988148977256468,1.1375613496932662,2.414039162941374,1.3383127960304007,1.867414642383545,0.8908911700492526,1.8109717229109048,0.06531370806512685
4.287523687521589,0.9469990999908017,0.09743691582572209,2.256846844908189,0.05209930764254619,0.9341415191543304,-1.2978771354904046,1.1182607720905107,0.38492342072925023,0.43252498925270516,-1.4162361929352447,-0.23034149885408645,1.1659056841711357,-0.12964119679790745,0.3609038555126942,1.956151096343199,0.9119008128850142,0.36056375919507083,0.07028502406465388,-0.10505570036824352,-0.6261654730327393,0.6984193394521891,0.2681240711182904,0.9546281226610303,-0.9480345908031224,1.1150631165120866,1.5976024755918787,0.2825234051004943,-1.1940074593624685,-1.048617109872115,0.25360556928049827,-0.1076229847028213,-0.5142705885460854,-1.1911824720406476,-1.284158870739038,-0.9100409618604137,0.5641061595735823,-0.1777964991534974,0.7507235484246999,0.6958960704963987,-2.2028197271716214,0.5318382452932418,-0.3059653452466419,1.3548926118899607,-0.4730708365854029,2.1270193294879016,-1.6643894150281562,0.5165578104070533,-0.06587237896634444,-0.7974852780078516,-0.3839063576981674,0.5398015667378083,-0.9343998482305124,0.8440451398859738,-1.8968113720112223,-1.2913899430465112,0.9890619577246508,0.7599924232639419,-1.038036510783154,-0.18998001589036292,0.04778721741214737,0.1177664112952083,1.2511615015945814,1.508509561740099,0.844317931996092,-0.037261678076280925,1.60800719563649,-1.2177033191428013,-0.10557626715115631,-0.7045788774641082,-0.25991323778544134,1.4524662103536816,0.27948178921805705,-1.4978161075683,1.0051956823764958,-0.42398497839148974,-1.1153626140714614,-0.7741007427111682,-0.6924413598448341,1.2635541492037352,1.0352523321360108,-1.7429518885674848,2.065561366085033,1.858813421124896,-0.5976970379633483,2.085627263001126,0.156996204242514,1.165566534818263,-2.4108854249925793,1.978039338085851,0.05543738358636797,-0.9017449720603575,0.20677663258199336,1.0243169768964313,-0.9747790800638556,-1.902554340014449,-0.2914547871366336,-0.5969440664269166,-0.7612622712975309,-0.2698379094200523
2.349912806310321,0.6170634247427539,-0.2384212515243399,0.5364042207174006,0.3259333770038944,1.108933035370612,0.19414112962292068,0.8681375371407654,-0.24847782978430416,1.5811546867225874,1.2077949852510574,-0.9259484559329395,0.9050419814181605,-0.6921279641519429,0.9463310220267992,-0.4957422536970855,-0.832908177453428,2.4362407915007673,0.2636275149840968,-0.45117343037181185,-1.448645235941682,-1.2442519417408713,-0.4386561453210706,1.587716677637963,-1.3435406797979623,-0.1531576431470936,1.5107652198778354,0.2278823197829096,-1.0397163088104422,0.4584288791241134,1.3275202874916157,-1.237123914321676,-1.0146216784857556,-1.9929215430950245,1.536728034423987,0.5147681652569703,1.5779421004067347,-1.2813493548290502,-0.7593277659882615,0.8389436739039596,-1.524700504086258,0.4693853919608149,0.3575733277727466,-0.08000025150007256,-1.6214998791937105,1.3365678242976093,-0.7007370201697575,-1.524420745625895,1.114895779279227,-1.2381464513091398,-1.5035958704701748,0.2892710879295028,1.3496931257769669,-0.304163748439279,0.18451680526283398,-1.296862156204949,-1.4846056678082367,1.1262398795444724,0.2665389005957482,0.6424300491170436,0.8375034756949598,-1.834766796586337,-0.11214438980221275,-0.2737277755828587,2.1056041532924574,-0.5498105351121559,0.3357747191729583,0.5752086562870726,-0.322466790687129,0.6832293117710024,1.4955613545246618,-1.355472281316385,-0.5306943269173166,1.2796241385035287,-0.882361643285981,1.745023904096445,-0.0798512411554291,-0.6692663754113001,-0.5296864230045694,0.2322403261281224,0.4718510317350282,-0.4571961106312352,1.2763484105984544,0.41220515455334344,0.3032386244674385,-0.2725415792537157,1.7956614761600842,0.06703812887798921,-0.8506476621660591,-1.8246862247160445,0.6736500484481825,-0.6042439105737035,1.2236628825430407,0.11253815758492132,-1.473754901180484,1.3814313757582446,-1.6770326977142949,0.3154641994220924,0.5709561134065169,-1.749090840482482
0.839641694296734,-0.7492676813297007,-0.2989609764979659,2.0529811276652334,-0.004357548325113898,-0.16075322721571908,-0.22267024821544473,-0.39122099654322917,0.9528743121222567,-1.4087368662709197,-0.34205722840871006,-0.5079724026237257,-0.7382686440322951,-0.16768416571035713,0.31428156973485877,0.3853940762193594,0.34211223545431674,-0.3778797545683904,0.8351464221282858,-0.18660835328802547,0.8731093978823582,1.3033020713687373,1.108624821855496,-0.07046346529770853,0.7345647435191768,0.7512850138542828,-0.6711085147777989,-0.3400459488703437,0.34202569294743834,-1.4660277527995844,0.7686379006166012,-0.29600138023245576,1.0349150892551349,0.502542005440392,0.015874697764521183,0.06125565007368753,-1.1102320670286245,0.2905024541978848,-1.095444392874527,-0.985672448731941,1.7625527924139046,-0.3244850568424438,0.9797671341524725,-1.2536299591775668,0.8613994425937801,-1.550391012738344,-2.1457080308913166,1.627586957539435,-0.6326377218444517,-0.11245383723080361,-0.7641486590443491,-0.9368007190424725,0.16932490915264162,1.0603536116062937,-1.3231161826544051,0.8171474694734134,-0.3481360060486934,0.5112458936716454,0.9759449005285122,-2.3565201953379558,-0.009942798162198896,0.9282129767801646,-1.0131161644328737,1.2166314719961975,0.47057398138129636,0.10483554777410639,1.1857860324456289,0.4203514458935256,-0.31961422608651635,-1.6834979038553266,0.10120608302451163,-1.2351959540229158,0.19476909752311886,0.6608978323086125,0.829772666572835,-0.549978990076841,-0.9323782417388454,1.3935913459284777,0.8802863494207067,-0.4306885439231527,1.3482367449915504,-1.2432890391334799,1.2682815913542413,0.5309257195379583,0.4052701794762341,-1.1165494080240865,0.24047047439453703,0.2189495196155204,0.5894288722689602,-2.45522806653757,-0.7611515151470583,-0.41271015679387824,0.9420815048757336,-0.1018711701604833,-1.8793672367120966,1.597097969445452,-1.6269399742687838,-0.28483446365666154,0.08474941702826154,0.8415594012505295
0.20553523477172053,0.19459940608935106,0.22610522555994583,0.06516183893302223,0.9724740627826065,-1.2528052985932052,0.811111313662264,-0.6551585672859778,-0.1862883208577415,1.8180487222001944,-0.7189341305278482,-1.227670564151006,1.654970882792295,0.2802926086913985,0.027551308858466888,1.1610519904097223,-0.39323481104040303,-0.012710944093044149,0.2662944341429367,-0.7651629778679556,1.5154794971183618,-0.19498927918919107,0.15632870889543532,0.9324088219345547,-0.13665651395050282,-0.029343644734519076,0.1918234530243125,-0.19922855919796428,-0.706930159797469,0.15605871145608283,-0.8957655903458756,0.6479235412431489,0.330767216875942,-2.593645959897131,-0.3070867407772838,-0.336204997214275,-0.04035981995861463,0.8780042814015812,-0.484376320485952,0.9137200506588793,-1.308703934794965,0.6791369203448544,1.6952160132641987,-1.36849810249504,0.3318157020735317,-1.6389916124362902,-1.1834439296869188,0.900152588297606,-0.46545474775638557,0.8431569585159178,-1.1046868649158212,0.7464285633629474,0.22019391686233825,-0.11535650643857757,-1.6600978564278062,-1.115795311419891,0.2904000203025305,-0.7124024907097825,-0.39379537650210067,0.643686386239297,-0.12238647443372044,-0.41918760596105825,-1.3529904859581545,-0.3256232128235282,1.0320559127029227,-1.2375042921309714,0.024673412353540668,0.3949933468716601,-0.8708737834496834,-2.2759078989926596,-0.7713515608690185,1.7274317564870703,0.02190217736000248,0.4250977406784356,-0.42422734224903347,0.7722701465076158,-0.25548128942782455,0.32179438939941946,1.9943291795663403,-0.5296593157810383,-0.641123107562511,1.78653184829837,0.409101775058006,0.2847139467086121,-0.15879792256913466,-1.2128549657557632,1.5671132184584697,0.05152817048484556,-0.9185085126294931,0.486228761252849,-2.233686292042743,0.8177809367349972,0.8416159344305971,1.2359690274926178,1.1506436628845407,-0.6261892652475075,-1.8722528346203047,0.07188605386357144,-0.7887089974519906,-0.44904417804887226
-1.0017383426504447,0.4171324816719116,0.6282703063675953,-1.3222159349916007,1.5043493566239101,-2.229274552322261,-0.019505339299642016,-1.3154886718841377,0.9860492617321106,0.5632281300333779,-1.1247974319157765,1.924501508916016,0.18649305439859712,-0.1735335056705631,0.7728810430039644,0.7168861352605895,0.36757183845919206,-0.2030431737644657,0.6219436561747077,-1.516996464639908,-0.5771499767644331,-2.1236721219613215,1.3645958100373383,-0.12726070017984592,-1.5771744550866926,-0.9200354176306761,-0.38567432216543257,-0.6006036048047702,-0.7039842321215475,-0.42662163932447356,-0.5770622272216478,-1.0802586072146192,-0.1401808333306742,1.210670085465256,-0.3130584679180486,-0.31814636297454313,-1.802109724961854,-1.5820972346192257,-2.7723935435103586,1.8272673303975513,0.20986017965611117,0.49904345619991,1.8093266871480678,0.7197370989031174,-0.3310297644697805,1.5889932916482787,-0.46369308127427883,-0.38221080808391966,-0.025273637617860417,0.31672651193876816,1.3064115985060627,1.498766613418175,-1.3699195899229708,0.5822146885354121,0.1567278132127652,0.8447873175812305,1.219287428134638,-0.7540298004014403,0.08469869665927414,0.02408371710644892,-0.7129980759604945,0.6141827838929717,0.5218719453668793,-0.3988754210765564,1.0128183739444383,0.8684321570572545,-0.2820577569139309,0.545922493424054,-0.31923596238842755,-0.05353264648235865,1.3600850977408199,0.43622144218398307,0.4769173447458054,0.7551927485629202,-0.4984051722162113,-0.07167231191178482,-0.8279952833384979,-0.8972015239429253,0.7993427793889938,0.3109019663956711,0.43508881208303607,-1.4005800478346488,0.1464742395568791,0.1546571997404775,-1.0784167531142708,-0.20855043986596666,-1.2709373418127838,-1.4719010194836917,0.32679502094894997,2.1152280870353772,1.6025541790311009,-1.6158450680313943,-0.4646906166345376,1.4817139820145118,0.26766632528051404,0.19023925497553032,0.42092793979079535,-0.3984772186447496,0.8316578218639982,0.6581983262476406
3.6811308360960493,0.6375506793981496,0.20843706736648074,2.1539540030337134,-0.40193001789056954,1.0831191041882753,0.7478473062692637,-1.1646536241458658,-1.8460804821195882,1.1357347232015378,-0.2252404837999387,0.1471171782834566,0.6906266082492489,0.8466871193336312,0.7145515994316769,0.16485140402513168,1.1741174842340654,0.1322392699458744,0.3048129878025069,0.0012679344057102819,0.9106934381395819,-0.28272521738691,0.4628803523578815,-2.7210674570977593,-0.09796353219324676,1.207361175246178,0.24281884229846737,0.510672465756086,2.0371533936591004,0.44152616354646995,-0.8976609007305415,0.34930751047178976,-0.2646812288143054,0.7060016646255987,1.567241692311631,-0.734743517659947,-0.5859774230768248,0.27009404979215257,-1.0961681509660524,-0.09748433017622432,0.5932860011777403,0.5260511485381769,-0.3949064628359436,0.8292109866838956,-1.1356382473628186,-0.14905546450727267,-1.9185666555632075,-0.6961987213847852,1.0398433060802899,1.0789421161852986,1.313423910443602,0.1619423784425937,1.227715939444807,0.6258733793199599,0.4900261475003532,-0.6925791301219881,-1.1652486812084553,-0.6404145918374436,0.44607409177029794,0.8618231074612741,-0.1254286108573859,1.0714411454193162,-1.7573394304018346,-0.9108125925244211,0.05990786813019497,-0.5171668560492657,-0.17094144066155695,0.627263023708276,-0.6113435840649983,1.5577369282678362,1.5092242193701146,-0.6763630508701108,-0.7625797260845862,0.6995224394082481,-0.43614163991060356,1.3349347950420354,-1.6231189238391466,0.17361957911939352,-1.5685814587438565,-1.370479610512134,-2.222961086621829,-1.1777709292203076,-1.3437178702114945,-0.3698889218937613,-0.07382781828090378,-0.18184424268247873,-0.44193122947679936,2.211349508303224,-0.32588039329126767,-1.3680795261545136,2.247439548368777,-0.5620499349945958,0.6288037929495838,0.5337020740633247,-1.2477720610197425,-1.8197252619709403,-0.4172068556085125,0.38018493810779963,-0.744951870589181,-0.5318680422480283
-0.09892506237034249,1.4647871231096303,-0.7600657350128498,0.019282177635373047,0.19261338591762114,-1.0155420140201172,-0.29043089025005825,-0.25777412969110763,-0.11213465733963421,-0.4631560194539883,-1.5224195960470348,-1.3737152649106392,0.06928460221948145,-1.1278255683677105,-0.6506128357971381,0.9054736576166661,-0.36219266459638516,0.7231592289443485,-2.572559379861904,-1.1524755857979954,-1.030480087047799,0.033412731623767754,1.4284754577242014,0.8247147877872993,-1.3457326220266888,1.168486429179586,-0.8388187532086506,1.8090878404262527,-0.6653172203045359,-1.1730698201069436,-0.3812299105668942,-1.257473591954766,0.48846843751375,-0.13485331955238006,1.763105136325031,0.3764225638363738,0.970536646473016,0.6929005964999777,-0.08928073790861968,-0.44793639681131486,-3.2121946103113572,-1.273908612463948,1.669471613218507,-1.2623351765136048,0.3733438118832501,-2.281649506935361,-0.7563980037611526,0.986336541890845,1.2510620401087926,1.324460955461237,0.7354541251216915,0.9338675796395599,-0.11720487326383798,-0.5510030199856515,0.1281156694464868,-0.15671054814460852,1.9085747911595379,0.2206322103031603,1.5223336932123928,0.8019276527601209,0.2626584848068466,1.008869053376338,0.07193500699689827,-0.44324621452349855,-0.2727588373901282,0.9931087866351562,-0.043187765954145405,2.021900215957402,0.5295177647665252,1.4099425683774927,1.0405685794779373,1.5434256468420315,-0.3622762976317354,-1.0763441580887758,-0.03875612482915841,0.12157947217786978,1.4488551187804244,-0.021650279178969705,-1.7288926894907093,1.8061077388907447,-0.060515594436997756,0.5044509438709858,-2.151174313075334,-1.3514143991520347,-0.301302356757037,0.5268381689084094,-0.858767950656491,1.3486813580549541,-0.14187234772663007,-0.43774669477736755,0.8364478288649118,1.017821458074419,0.2664934025448745,-0.3416966200188194,-1.5532862823024947,1.047170939120287,-0.5498926159050843,1.7725720171602484,-0.7452665634017905,0.25225324044366804
-0.3740593938718983,0.17990507387992358,-0.07033427801406983,-0.7541878041000756,0.5340248716798195,-0.26346725731749593,0.32894265167011577,0.24665289174683877,0.7682797073953072,0.20489890859848886,-0.6103005564588914,-1.7115184077992958,-1.7784346812363654,-0.802601454156853,1.0241915952773182,0.16202776531432378,-0.25342957255753357,0.5867163120512672,0.9646085936300106,-0.9133485982264806,0.9538877365014287,-0.7668263925991998,0.37866282933130635,0.12098452983910307,3.1037264846062986,-0.15383997301422395,-1.635334788176416,0.8954502277777509,-0.4614989146602407,-0.8407425907791902,-1.2510676267344951,-0.6816875938919309,1.1280611867572665,0.6971275901156513,1.234366556426111,1.6774761005630057,0.4417974530869248,0.536709504823092,-0.13389028925888594,-1.2590890472659995,0.45441057350785186,1.4515189244334576,-1.4767520338933966,-0.716999391736929,-1.1408579158949983,1.5848458569637833,1.1768326511394174,-0.8729961976007987,-2.1944659848407864,-0.22503999292493182,1.3654863732535873,1.4739076443869121,0.7627336827630498,-1.212961310620403,-0.21288429089557528,0.25417455089901564,1.1117864582721038,0.8142340404739553,-1.683492407304998,0.4390189461487897,-0.798970813465518,0.009137503874544812,-0.9767576067782021,0.7267472197294355,1.1362931133499052,0.6525962336195736,-1.9747767391213225,-1.8476265952644657,0.6738789265333988,0.18771487661066288,0.09702868754012402,-1.0893014723016055,0.26583178775089883,0.029954059557680487,-0.4378122058935653,-0.6978944243380434,0.06970092385101481,-1.1027275284231168,0.2208610966123607,0.6815325268311078,-0.5654770717508135,0.8613648694088059,-0.02264073541476233,0.7748973511917896,-0.1021100758160407,0.09914211163953077,-0.3582172126092258,-0.5211518433136878,0.11195064806394969,0.11906997109631723,0.3315806715780148,-0.671147130268316,-0.035131092389189336,-1.1480747644743239,-0.04816879664804367,1.152928241537079,-0.9689031008654996,0.7672741768422496,-0.988144261223773,-0.7196299589747251
0.12214988327196219,-0.38134650056635083,0.4091615016713818,-0.49376804681996334,1.0470219257869782,-0.45891899680008363,0.024049990685214025,-1.5812033032073662,-0.42129202717421815,0.9086849666843131,0.038250680241435873,0.7214183274694187,1.1924334904552014,-0.3439958313786247,0.1071442370022834,0.19392847002440827,0.2600346201653418,0.6523320340717124,-1.4959804491028916,-0.2728441199663459,0.7756361287879663,0.37163960996440815,0.0075071210651536935,0.19125041503250872,-1.1126242764492595,0.41593485827849097,-0.7855274792271209,-1.306989967098079,0.7051257061546266,-0.8000681697331732,0.4922315367236021,0.7533192009636309,-0.7338527877060158,-1.1893252898657432,-0.45071153994654417,-0.8310325432065679,-0.8656078452310865,0.6008482047083005,-0.22067901899311684,-0.17816530825516383,0.4278445883004701,-2.1623067794328983,1.6864180709855017,0.6577450537083465,-0.781759624738881,-0.5371947938196685,-0.03496722736743571,-1.8280480675340431,-2.288734331345661,-0.1357513751100394,1.263813998502652,0.44252911613487544,-0.1821026509560088,0.12057177200847488,-1.1944750381685463,0.4086455071904563,-0.18772039872008936,0.3966045955433481,0.06093590510931713,-0.33544773120884375,-1.2367034110682777,0.1552412632497372,-0.24697943230457106,-1.348525917439337,1.1896908310520098,0.46004971071533685,0.26434941636389386,-1.5444962237896338,1.2164108033465664,0.4215833267805028,0.41719967338268044,-2.0714511951914227,0.7099582020224612,-0.3589318271089728,1.8822628867441413,-0.05160096996490647,0.6760082743506756,-0.23236899784686707,0.1025203267881061,-0.17339580678745645,1.9543642083298705,0.5257908743093356,1.0611358851996135,0.40186557176539317,0.7315106646822943,0.859602924316353,0.19042037026463915,1.111038427647841,0.6253009955062289,-0.20141386482804666,-0.33326655638885033,-0.817109136373549,-1.3020973431398297,-0.021561465164335242,-1.5456766012005136,-0.8864283853587644,-0.9389454715308133,0.4990860407637086,-1.2658009832654493,-0.48859885588773366
2.4234559417263077,1.6137405921062664,0.742943483530082,0.37710963950855103,0.5192245937471744,-0.829562367165766,-0.1121295622944076,-2.030568266235285,0.5937495771202602,0.9087618306008618,-0.6753370035228726,-0.44160502040940897,0.00693136133754616,-0.32768112925437737,0.8942476334723254,0.1818840565684793,0.46887874495427406,1.4251684290973026,-0.15171119432754365,-1.6698717591561383,0.10105047556138529,0.3338084946218636,0.14705583528577296,-0.3571162956307468,-0.5519671277054145,-0.14313102403318395,-0.28742382941990363,-1.650361511682818,-0.6984405625588769,-1.1670734454410776,-2.3308654599653327,-0.6237500217833207,-0.3218527076708022,-0.38172043762019486,0.7782624072877621,0.2837306407431047,0.6713849099711309,-0.5528900870589916,0.2981235273505421,0.5949087508027754,0.26349337982458704,-1.5256759609690107,-1.4214033492697333,0.5107937105572727,1.6091840366819419,0.6121584413717169,-0.18955360858221054,-2.712909755031228,1.7993850774693887,1.4684081033676046,0.5014072197236793,-0.2872070665869936,-0.013886947537214572,0.8890463214285967,0.5538744863282409,-2.112427217024827,0.2762637923596988,0.7736161347972019,-0.0880937232063226,-2.098194937662625,0.4203986008830896,1.1801214872721626,-0.7444856863428538,1.6502234266561273,0.2188840621036134,-1.5852008209129542,0.35134640988717264,-0.4935751495586521,2.042137083771587,-1.02293940294943,-0.8198006375728284,-1.2090851089828256,0.46233249532366255,1.454829995644336,-0.24546573472857194,-0.4216123387884778,-0.5353604652807901,-1.4773593383628014,-1.4223044491322294,0.8481161050350017,-1.0395206474296876,0.4154984831520288,-0.34759212070341916,0.851564470745128,-0.17080708815629134,-0.7860442247936711,-0.12870889281054732,1.0855035888883358,0.7437544633847086,-1.1644802166740549,0.7063684041791958,-0.6129475104925436,-0.29319041687202196,0.4509415973132266,-0.9331686060968047,0.18820035851288638,-0.24533370995804699,1.3725216947533396,-0.9589596723891584,-0.8312887305940391
1.638893514270018,-0.6400811838605539,-0.1733260799823374,1.5959583023627373,0.8769909207878542,-0.020648445037682185,-0.016418917026779858,0.17890868798161894,1.465955780892813,1.0905673228026753,-1.0488566593971929,1.9259851951081213,-0.23544368429018456,1.389120288542531,-0.1893412552129163,1.3669027100282227,-0.3076174904684951,0.2960826230255001,-0.26591643994042236,-0.3323386903735213,-0.20283953452573392,-0.17261801090245182,2.068842573323327,0.6594801571443905,0.9124304617460196,-1.344410509552647,-0.5449636437720896,0.40186046624497623,-0.209872832090875,0.8742946933978987,-0.29267019826760726,0.513129620070637,-1.3424008777756105,-0.42739032966339596,2.3899650109592376,-1.1821918707813857,0.20637955737214345,-0.7773855544004734,1.133416002062811,1.2131631294996843,2.125687192486732,0.5498417910377971,0.857342070818225,-0.93674018036402,0.06219393080557416,-0.4077006960715809,-1.9305767422423434,1.2019841776001106,-1.3976974971813596,2.1720449874424923,0.4324718571294093,1.044340002439849,-0.48185512092235316,-0.15976407234591053,2.0708015399132704,1.9095088213359108,-0.4888127947556158,-0.7548648756064973,-0.4451509607844068,-0.37717067873253646,-1.309574441901345,-0.9106269881845943,0.047128345241101016,-1.4576940467878612,-0.3824650349778463,0.5361572771505768,0.056219583374586116,0.36432675442105206,0.8165960539588658,-0.16722353024893832,-1.264225303056452,0.3742369048388164,-1.5374029688646575,0.8292570238372036,0.34180927504687464,-1.4328922828684967,-1.1650077309550408,-0.8297276611495377,0.592493273183672,1.8179923072560615,0.5745263260435409,-0.044794008098282365,-0.3052574754559038,-2.1656599067817996,1.2189928830046919,0.8381678921828293,-1.336734962987131,0.36750376677102425,-0.6954264053401915,-0.9260440469661988,-1.733845000540736,-0.006751237558807941,-0.1764328140954367,-0.28234912699696163,-0.5361966387604103,-0.3097430392347645,-0.08794094756279176,1.5435919212397675,-0.24663191381221972,-1.6560546821279731
-2.1580338007999034,-2.007966255074766,0.5517482972794355,2.5231076139620106,-2.0810457908955002,-1.1438776660710837,0.012679456550705199,0.211085694170805,0.16365098576334047,-0.4422874610044086,0.2186328099559194,0.6318550282558871,-0.15541623961648626,1.366320106006102,-1.3739195511912863,-0.34697250004746033,-1.2717912899037733,2.125713585884645,1.501613718321054,-0.21886720441737095,-0.34366115418158566,0.9217296458202767,1.597090359012696,-2.2634355154563495,0.04386651625293017,-1.7789389927517036,-0.6319251719887763,0.024267097677324486,-0.4753871541441164,0.01465599729280633,0.8885182064056361,1.4488242054764164,-1.1068897992952533,-0.5988101475925316,-0.21950580110297113,-0.2513355006719064,-0.634203845492808,-0.4797234845873821,-0.7906749836070681,-0.9185986284507079,-0.6558530549334085,-0.3761840017348206,-0.26604782494135576,-0.7157386856715483,-0.9235397368375918,-0.8809280131939592,1.3958728377002951,0.7099917127521779,2.060682963847827,0.09819328796367272,-0.9727585031426893,0.9614970321163934,-1.561021031637405,1.6520540903764869,0.6624450013279439,1.1003765838748976,0.49482768658734677,-1.0395725018698778,-0.7549807271553807,-0.4637873936428817,0.35047788786454787,0.8743968427502055,-0.5267537806049111,-0.12599757539040746,-0.06780630066185941,0.14170967712120958,0.5847485803208351,-0.7683266350673206,0.15850909082829667,0.056386439520218025,-0.8753496432230139,-0.45921211007903345,-0.013768934447360964,-0.3853771307267872,1.4307903097715176,-0.9903791576321714,-1.3772669647804663,-0.7591294060362164,-0.8509008086936872,-0.9351493523993564,1.0059546246430295,1.6351692648885043,-0.8001541553340141,-0.2790052931096392,1.4684043389472987,0.06314414509932627,1.0518903391368264,-1.4451779553031356,-0.3676344696540892,-0.9981753965680863,-1.1270848214478075,-1.3149716296645695,0.028950056179245166,-0.2905191019830214,0.7362789832876317,1.4620876968987826,0.09710144733811783,1.8081891627869107,0.5042643620363055,0.3798993635021454
-1.3431841189687588,0.5960386617489749,-1.3025707288727104,-0.5859581221887702,0.5193844352738732,-0.5700783649301263,0.5948431505707996,-0.3661764582891038,0.4729736420649587,0.20789333028862667,0.40807328434140383,-1.197969987392687,0.5412995478173764,-1.030875048085117,0.27702522256638457,0.7624088985291698,-0.0062298024177724525,-1.0514273967832424,0.27879031876057603,-1.197083303566519,-0.14812841832380086,2.5481105112511586,0.16376734076188934,-0.3590212468909832,-0.31917990632908394,-0.6601018410636104,-0.13914916590840157,0.004969996738455978,-0.6958082959660463,-1.6613615766826169,0.5755659520554669,-0.3990618408291275,0.32291857746832736,0.18779785554368353,-0.6866603424690342,-0.4062550640951334,-0.8405173994001075,-1.0870052798964724,0.7235898401922374,-2.252212291312295,0.29178331171693833,0.17878813612515335,1.2540610911368844,0.1644626480049012,-0.7986312483720338,0.46213420714908393,-0.7469891389655687,0.7892181493354937,-1.0525166302903155,-2.0275271177811667,-0.350140945546288,-0.622478555660912,-0.8761641760751757,-0.6275952831493281,-1.185367950653195,0.23287176774936186,-3.119037176593472,-0.3390666849734139,-0.6499262194733256,-0.5929289298733601,0.30481388119371383,-1.4572853411593483,1.7775965671787284,0.7665786541782765,-0.03561440300819268,-0.4364312370337271,-0.033943899818751254,2.096534806040764,-0.3493978138604951,0.26463805541658525,0.380624360476213,-0.13058717688162347,0.025789610226247994,0.2752958644689349,0.45728697074417485,0.2596797679990082,0.5418664566567375,0.27985370680719046,-0.7150075286898443,1.469019817653653,-0.31245457591076425,2.6699962439111498,-0.5575477833657944,-0.884889580660568,0.6147173135800795,-0.6569329203234345,0.3539922581275628,1.7967863952965208,-1.2780534819339797,-0.12870488576558772,-0.9187819743638121,0.6937396357186316,-0.5859977894688826,-0.174035837252935,-0.6637817787643473,-0.494571546115018,-0.7944017415466252,0.7763453083100098,-0.31840304062777836,1.5267810972833964
2.897511298070623,1.2847857934498226,-0.8518080823065227,1.9150826459219343,-0.022017269732861364,0.57146821073825,0.009742427110349137,1.5777208045630453,0.9334968983814841,-0.18210305117736056,0.6211489610815003,-0.6957277812553585,-1.7428901823764582,0.4922653598000489,-0.4894041657541418,0.8218599432061602,-0.19846317807875535,-0.12002011647567003,0.08937639249477117,1.9295528648240645,-1.1640406191053863,1.4698760120531902,0.13762412650689643,-0.157977399949731,1.128947703874067,-0.3790522041412352,-0.059019934903843524,0.4225992991731694,-0.6558012328869277,1.05058890089007,2.3007649519300797,0.6602776898743622,0.7669579698118678,-0.7925949005984972,0.4212027641755715,0.28155680546955375,1.1126784043268279,-0.9894209962266469,-2.2096467378555307,0.16663907884144383,0.22679118055876812,0.12491345174447688,0.004621769081202934,0.8689943085292885,0.021640730749907033,0.8177663801165115,-1.4150057976520016,-0.6516234297757213,-1.2773526037365386,-0.5020670711003979,0.6842048696778931,-1.3604044575696832,-0.11876378310165797,-2.266870200961966,-0.23467847673557038,-1.0741576823440682,0.5747327768755516,-1.8906424279960088,1.3031238933304234,-1.7492411374962966,0.6508272851952819,1.6399044290903573,0.9244079222613582,0.4214886870996964,0.33765213772524955,1.4574343666727527,1.3482314912541218,0.21796101275808172,1.0753540007714137,0.016817941846968238,0.0004636317725435184,-1.2827578734032077,0.10957560566590871,0.5647433061070457,0.7249257782859417,-0.8897603793807439,0.3004850645875671,-1.2147750075658508,0.9305514749307757,-0.30496894713316147,-0.2446316957224765,-0.28025065822981776,-0.30638491342787283,-0.045033343944297304,-0.24792864778187687,-0.06571967283330936,-1.4141612455760415,1.3623232466900594,-0.2779577734066476,0.5311517530954737,0.025710523610057635,-0.4025747372202954,-0.8877389880202994,-0.15042900436275056,0.6880740566848589,-0.7226760481342632,0.6891494916931387,0.09504122896574535,3.190177592779952,1.4708540211727437
0.624492573686891,0.021783317533455197,-0.03834221841042717,-0.5506377338797951,0.8158065681701142,0.3758826402735439,-1.4228117889695782,-0.4051415707947595,-1.6140743440248184,-0.7786996063725783,0.651211061789334,1.3880276225978436,-1.919214492582159,0.704193508543249,0.5617455098579742,-0.4328657393489892,3.118634430891621,0.08624625030983751,1.5399879069138804,0.5693314603137732,-0.7784580129718076,0.04138122684981251,-0.25613507099573,0.4476311757300288,1.1195056411974325,-0.4167080309035412,-0.7664117952270838,-0.29007853373698445,0.2793202568022551,1.2260863100851493,0.6672382653233616,-0.26844564417823785,-1.11693923161603,-0.9158918411704396,-0.3043481586117891,1.0491534905836466,0.1564863023487002,-1.1736923092655431,-0.6480220885722255,1.0934088783201246,1.3342722562495593,0.22936299514938205,-1.0125292832108348,-0.465606418961036,0.8156990906312394,0.15578250571344623,0.882613062361373,-0.1827014963878455,0.8250130451550965,0.5155482002094015,-0.016788612988576514,-0.5780672180531713,-1.1837224905583068,-0.16127168997315738,-1.5894207947582721,0.9534166898152284,1.249446051262369,-0.41004401168379223,0.6632270449061815,0.9797533994011595,1.1520539741860536,0.6074303272681671,-0.41219084671098427,1.4823370804365201,0.8628879662967578,-1.7083563751973663,-1.7332045094491668,-1.0273615915097516,0.5548506315043314,2.4251302327355853,-0.21588875658719503,0.10106233186941987,-0.16222971515880028,-0.979766000914358,1.0578316306965496,-0.40707110875975255,0.20843302070203557,-0.9999937047455252,1.2509991693142033,-1.275371256540972,1.0374198628970088,0.005499526664909623,0.1532533926097355,-0.6915283728354658,-1.1273211150987115,-0.11891218461568047,-0.42872418387566913,-0.8504656261662158,0.90805359025544,-0.3387960573062558,0.4757937905111581,-0.12713037608932606,1.4996396915767658,1.0147146594143521,-1.3053824172394466,0.9703346065579586,-0.7214724384378024,-0.4779235837433031,-1.8091140351343764,0.7871899506992419
